Unnamed: 0,year,month,day,store_number,zip_code,county_number,category,vendor_number,item_number,pack,bottle_vol,bottle_cost,state_bottle_retail,bottles_sold,sale,fd,vol_sold,store_subnumber
8428101,2016,1,4,5022,-15271,77,1031200,380,41989,12,750,6.5,9.75,4,39.0,3.8147485,3.0,97
8428102,2016,1,4,2460,-15095,100,1062100,260,42166,12,750,10.0,15.0,2,30.0,3.5312523999999996,1.5,100
8428103,2016,1,4,2590,-13134,57,1031200,380,41989,12,750,6.5,9.75,5,48.75,4.057151999999999,3.75,5
8428104,2016,1,4,2648,-15271,77,1031200,380,41989,12,750,6.5,9.75,6,58.5,4.256092,4.5,4
8428105,2016,1,4,4312,-14035,78,1031200,380,41989,12,750,6.5,9.75,12,117.0,5.019722499999999,9.0,100
8428106,2016,1,4,2662,-12775,70,1062100,260,42166,12,750,10.0,15.0,2,30.0,3.5312523999999996,1.5,100
8428107,2016,1,4,2650,-13999,83,1031200,380,41989,12,750,6.5,9.75,3,29.25,3.5039816,2.25,100
8428108,2016,1,4,3952,-12814,82,1031200,380,41989,12,750,6.5,9.75,12,117.0,5.019722499999999,9.0,100
8428109,2016,1,4,2521,-15271,77,1031200,380,41989,12,750,6.5,9.75,12,117.0,5.019722499999999,9.0,100
8428110,2016,1,4,4633,-14026,78,1031200,380,41989,12,750,6.5,9.75,1,9.75,2.3350883,0.75,520
8428111,2016,1,4,4794,-12935,29,1031200,380,41989,12,750,6.5,9.75,2,19.5,3.0692956000000002,1.5,100
8428112,2016,1,4,4000,-13957,43,1031200,380,41989,12,750,6.5,9.75,1,9.75,2.3350883,0.75,100
8428113,2016,1,4,2538,-14834,7,1031200,380,41989,12,750,6.5,9.75,3,29.25,3.5039816,2.25,3
8428114,2016,1,4,4148,-14892,10,1031200,380,41989,12,750,6.5,9.75,2,19.5,3.0692956000000002,1.5,479
8428115,2016,1,4,4152,-13981,43,1031200,380,41989,12,750,6.5,9.75,1,9.75,2.3350883,0.75,100
8428116,2016,1,4,4166,-14888,10,1031200,380,41989,12,750,6.5,9.75,2,19.5,3.0692956000000002,1.5,100
8428117,2016,1,4,2584,-12909,56,1031200,380,41989,12,750,6.5,9.75,3,29.25,3.5039816,2.25,100
8428118,2016,1,4,4641,-15221,77,1031200,380,41989,12,750,6.5,9.75,3,29.25,3.5039816,2.25,573
8428119,2016,1,4,2573,-12775,70,1031200,380,41989,12,750,6.5,9.75,2,19.5,3.0692956000000002,1.5,100
8428120,2016,1,4,4633,-14026,78,1031200,380,42002,6,500,4.89,7.34,3,22.02,3.1991857999999995,1.5,520
8428121,2016,1,4,4402,-13209,92,1031200,380,41989,12,750,6.5,9.75,4,39.0,3.8147485,3.0,80
8428122,2016,1,4,2498,-14930,33,1031200,380,41989,12,750,6.5,9.75,3,29.25,3.5039816,2.25,100
8428123,2016,1,4,4296,-12971,89,1031200,380,41989,12,750,6.5,9.75,2,19.5,3.0692956000000002,1.5,100
8428124,2016,1,4,4617,-15219,77,1031200,380,41989,12,750,6.5,9.75,3,29.25,3.5039816,2.25,100
8428125,2016,1,4,4673,-12880,56,1031200,380,41989,12,750,6.5,9.75,4,39.0,3.8147485,3.0,100
8428126,2016,1,4,2549,-15411,91,1031200,380,41989,12,750,6.5,9.75,12,117.0,5.019722499999999,9.0,100
8428127,2016,1,4,2539,-15410,42,1031200,380,42002,6,500,4.89,7.34,6,44.04,3.946628,3.0,100
8428128,2016,1,4,2588,-13133,57,1031200,380,42009,6,1750,10.99,16.49,6,98.94,4.833948,10.5,6
8428129,2016,1,4,2591,-15514,15,1031200,380,42002,6,500,4.89,7.34,1,7.34,2.037548,0.5,100
8428130,2016,1,4,2448,-15411,91,1031200,380,42153,12,750,6.5,9.75,2,19.5,3.0692956000000002,1.5,100
8428131,2016,1,4,2538,-14834,7,1062300,305,42162,12,750,9.42,14.13,12,169.56,5.433279,9.0,3
8428132,2016,1,4,2647,-13125,57,1062300,305,42162,12,750,9.42,14.13,12,169.56,5.433279,9.0,7
8428133,2016,1,4,4933,-12935,29,1031200,380,42151,6,500,4.9,7.35,6,44.1,3.9481075,3.0,100
8428134,2016,1,4,2569,-13134,57,1062100,260,42166,12,750,10.0,15.0,2,30.0,3.5312523999999996,1.5,2
8428135,2016,1,4,2191,-12904,56,1062100,260,42166,12,750,10.0,15.0,1,15.0,2.7900763,0.75,100
8428136,2016,1,4,2517,-15328,50,1031200,380,41989,12,750,6.5,9.75,12,117.0,5.019722499999999,9.0,1
8428137,2016,1,4,4684,-15411,91,1031200,380,42151,6,500,4.9,7.35,6,44.1,3.9481075,3.0,928
8428138,2016,1,4,2590,-13134,57,1101100,229,42149,12,750,7.49,11.24,9,101.16,4.858496,6.75,5
8428139,2016,1,4,2521,-15271,77,1101100,229,42149,12,750,7.49,11.24,4,44.96,3.9690974000000003,3.0,100
8428140,2016,1,4,2613,-14035,78,1101100,229,42149,12,750,7.49,11.24,12,134.88,5.1778355000000005,9.0,1
8428141,2016,1,4,2650,-13999,83,1031200,380,42142,12,750,6.5,9.75,2,19.5,3.0692956000000002,1.5,100
8428142,2016,1,4,2191,-12904,56,1031200,380,42142,12,750,6.5,9.75,1,9.75,2.3350883,0.75,100
8428143,2016,1,4,2573,-12775,70,1031200,380,42079,12,1000,7.5,11.25,4,45.0,3.9700642,4.0,100
8428144,2016,1,4,2460,-15095,100,1031200,380,42002,6,500,4.89,7.34,1,7.34,2.037548,0.5,100
8428145,2016,1,4,3612,-13476,49,1031200,380,42079,12,1000,7.5,11.25,2,22.5,3.2222682999999996,2.0,100
8428146,2016,1,4,3525,-13183,92,1031200,380,42079,12,1000,7.5,11.25,2,22.5,3.2222682999999996,2.0,100
8428147,2016,1,4,2191,-12904,56,1031200,380,42079,12,1000,7.5,11.25,12,135.0,5.1788254,12.0,100
8428148,2016,1,4,4633,-14026,78,1012100,115,11774,24,375,3.07,4.61,6,27.66,3.4438313999999997,2.25,520
8428149,2016,1,4,4560,-13999,83,1012100,115,11774,24,375,3.07,4.61,6,27.66,3.4438313999999997,2.25,2914
8428150,2016,1,4,5094,-13135,57,1012100,115,11774,24,375,3.07,4.61,24,110.64,4.9577160000000005,9.0,2778
8428151,2016,1,4,4740,-14035,78,1012100,115,11774,24,375,3.07,4.61,24,110.64,4.9577160000000005,9.0,4405
8428152,2016,1,4,4549,-15480,85,1012100,115,11774,24,375,3.07,4.61,24,110.64,4.9577160000000005,9.0,2913
8428153,2016,1,4,3612,-13476,49,1031200,380,42009,6,1750,10.99,16.49,2,32.98,3.6333961,3.5,100
8428154,2016,1,4,2590,-13134,57,1031200,380,42002,6,500,4.89,7.34,1,7.34,2.037548,0.5,5
8428155,2016,1,4,2605,-13134,57,1031200,380,42002,6,500,4.89,7.34,3,22.02,3.1991857999999995,1.5,5
8428156,2016,1,4,4482,-15411,91,1031200,380,42002,6,500,4.89,7.34,1,7.34,2.037548,0.5,929
8428157,2016,1,4,4696,-15270,77,1031200,380,42002,6,500,4.89,7.34,1,7.34,2.037548,0.5,517
8428158,2016,1,4,4361,-15223,77,1031200,380,42002,6,500,4.89,7.34,2,14.68,2.767198,1.0,100
8428159,2016,1,4,3917,-12732,82,1031200,380,42002,6,500,4.89,7.34,1,7.34,2.037548,0.5,100
8428160,2016,1,4,3385,-13134,57,1031200,380,42079,12,1000,7.5,11.25,12,135.0,5.1788254,12.0,100
8428161,2016,1,4,4718,-15270,77,1031200,380,41989,12,750,6.5,9.75,12,117.0,5.019722499999999,9.0,6623
8428162,2016,1,4,5013,-12814,82,1101100,434,41846,12,750,9.0,13.5,12,162.0,5.382259400000001,9.0,100
8428163,2016,1,4,2512,-13296,52,1031200,300,41943,12,750,7.0,10.5,3,31.5,3.583849,2.25,100
8428164,2016,1,4,4098,-13183,92,1101100,434,41846,12,750,9.0,13.5,12,162.0,5.382259400000001,9.0,100
8428165,2016,1,4,2507,-12935,29,1101100,434,41846,12,750,9.0,13.5,12,162.0,5.382259400000001,9.0,1
8428166,2016,1,4,2191,-12904,56,1101100,434,41846,12,750,9.0,13.5,1,13.5,2.6783984,0.75,100
8428167,2016,1,4,5054,-13449,28,1101100,434,41846,12,750,9.0,13.5,12,162.0,5.382259400000001,9.0,100
8428168,2016,1,4,3465,-15320,39,1101100,434,41846,12,750,9.0,13.5,3,40.5,3.855663,2.25,100
8428169,2016,1,4,2517,-15328,50,1101100,434,41846,12,750,9.0,13.5,12,162.0,5.382259400000001,9.0,1
8428170,2016,1,4,3525,-13183,92,1101100,434,41846,12,750,9.0,13.5,12,162.0,5.382259400000001,9.0,100
8428171,2016,1,4,4619,-12909,56,1101100,434,41846,12,750,9.0,13.5,1,13.5,2.6783984,0.75,100
8428172,2016,1,4,4303,-12899,29,1101100,434,41846,12,750,9.0,13.5,2,27.0,3.4178638,1.5,100
8428173,2016,1,4,4856,-13283,57,1101100,434,41846,12,750,9.0,13.5,6,81.0,4.61316,4.5,100
8428174,2016,1,4,2647,-13125,57,1031200,259,41840,12,750,3.82,6.06,2,12.12,2.5643667999999997,1.5,7
8428175,2016,1,4,5046,-12904,56,1031200,380,41783,6,500,4.89,7.34,6,44.04,3.946628,3.0,100
8428176,2016,1,4,4819,-15527,77,1031200,380,41783,6,500,4.89,7.34,1,7.34,2.037548,0.5,100
8428177,2016,1,4,2605,-13134,57,1031200,380,41783,6,500,4.89,7.34,3,22.02,3.1991857999999995,1.5,5
8428178,2016,1,4,2590,-13134,57,1031200,380,41783,6,500,4.89,7.34,1,7.34,2.037548,0.5,5
8428179,2016,1,4,2521,-15271,77,1031200,380,41783,6,500,4.89,7.34,6,44.04,3.946628,3.0,100
8428180,2016,1,4,2532,-15219,77,1031200,380,41783,6,500,4.89,7.34,1,7.34,2.037548,0.5,2
8428181,2016,1,4,3917,-12732,82,1031200,380,41783,6,500,4.89,7.34,2,14.68,2.767198,1.0,100
8428182,2016,1,4,4933,-12935,29,1031200,380,41783,6,500,4.89,7.34,6,44.04,3.946628,3.0,100
8428183,2016,1,4,5018,-12734,82,1031200,380,41783,6,500,4.89,7.34,1,7.34,2.037548,0.5,100
8428184,2016,1,4,3612,-13476,49,1062100,260,42166,12,750,10.0,15.0,2,30.0,3.5312523999999996,1.5,100
8428185,2016,1,4,3952,-12814,82,1031200,380,41707,12,1000,5.78,8.67,12,104.04,4.8895683,12.0,100
8428186,2016,1,4,2662,-12775,70,1031200,380,41783,6,500,4.89,7.34,6,44.04,3.946628,3.0,100
8428187,2016,1,4,3549,-12909,56,1031200,380,41783,6,500,4.89,7.34,6,44.04,3.946628,3.0,100
8428188,2016,1,4,2498,-14930,33,1031200,380,41783,6,500,4.89,7.34,4,29.36,3.5080237000000003,2.0,100
8428189,2016,1,4,4580,-13183,92,1031200,380,41783,6,500,4.89,7.34,1,7.34,2.037548,0.5,100
8428190,2016,1,4,4504,-15411,91,1031200,380,41783,6,500,4.89,7.34,6,44.04,3.946628,3.0,921
8428191,2016,1,4,4898,-12935,29,1031200,380,41783,6,500,4.89,7.34,1,7.34,2.037548,0.5,100
8428192,2016,1,4,4619,-12909,56,1031200,380,41783,6,500,4.89,7.34,1,7.34,2.037548,0.5,100
8428193,2016,1,4,2560,-13234,57,1101100,434,41846,12,750,9.0,13.5,12,162.0,5.382259400000001,9.0,100
8428194,2016,1,4,4223,-14829,7,1101100,434,41846,12,750,9.0,13.5,5,67.5,4.412795,3.75,100
8428195,2016,1,4,3899,-15270,77,1101100,434,41846,12,750,9.0,13.5,12,162.0,5.382259400000001,9.0,100
8428196,2016,1,4,3628,-13134,57,1101100,434,41846,12,750,9.0,13.5,12,162.0,5.382259400000001,9.0,100
8428197,2016,1,4,2588,-13133,57,1031200,259,41927,12,750,3.82,6.06,3,18.18,2.994543,2.25,6
8428198,2016,1,4,2573,-12775,70,1031200,259,41927,12,750,3.82,6.06,1,6.06,1.8377765,0.75,100
8428199,2016,1,4,2662,-12775,70,1031200,259,41927,12,750,3.82,6.06,3,18.18,2.994543,2.25,100
8428200,2016,1,4,4223,-14829,7,1031200,259,41927,12,750,3.82,6.06,2,12.12,2.5643667999999997,1.5,100
8428201,2016,1,4,4819,-15527,77,1031200,380,41857,6,500,4.89,7.34,1,7.34,2.037548,0.5,100
8428202,2016,1,4,4482,-15411,91,1031200,380,41857,6,500,4.89,7.34,1,7.34,2.037548,0.5,929
8428203,2016,1,4,2532,-15219,77,1031200,380,41857,6,500,4.89,7.34,2,14.68,2.767198,1.0,2
8428204,2016,1,4,4874,-12895,44,1031200,380,41857,6,500,4.89,7.34,1,7.34,2.037548,0.5,100
8428205,2016,1,4,2498,-14930,33,1031200,380,41857,6,500,4.89,7.34,1,7.34,2.037548,0.5,100
8428206,2016,1,4,4867,-14035,78,1031200,380,41857,6,500,4.89,7.34,6,44.04,3.946628,3.0,100
8428207,2016,1,4,2590,-13134,57,1101100,434,41846,12,750,9.0,13.5,12,162.0,5.382259400000001,9.0,5
8428208,2016,1,4,4829,-15222,77,1101100,434,41846,12,750,9.0,13.5,12,162.0,5.382259400000001,9.0,100
8428209,2016,1,4,4819,-15527,77,1101100,434,41846,12,750,9.0,13.5,2,27.0,3.4178638,1.5,100
8428210,2016,1,4,5142,-13233,57,1101100,434,41846,12,750,9.0,13.5,1,13.5,2.6783984,0.75,100
8428211,2016,1,4,4856,-13283,57,1031200,380,41989,12,750,6.5,9.75,6,58.5,4.256092,4.5,100
8428212,2016,1,4,2512,-13296,52,1101100,434,41846,12,750,9.0,13.5,12,162.0,5.382259400000001,9.0,100
8428213,2016,1,4,4312,-14035,78,1101100,434,41846,12,750,9.0,13.5,4,54.0,4.1686554,3.0,100
8428214,2016,1,4,2650,-13999,83,1101100,434,41846,12,750,9.0,13.5,12,162.0,5.382259400000001,9.0,100
8428215,2016,1,4,2647,-13125,57,1101100,434,41846,12,750,9.0,13.5,12,162.0,5.382259400000001,9.0,7
8428216,2016,1,4,2554,-12734,82,1101100,434,41846,12,750,9.0,13.5,12,162.0,5.382259400000001,9.0,100
8428217,2016,1,4,2190,-15222,77,1101100,434,41846,12,750,9.0,13.5,12,162.0,5.382259400000001,9.0,100
8428218,2016,1,4,3162,-12775,70,1101100,434,41846,12,750,9.0,13.5,5,67.5,4.412795,3.75,100
8428219,2016,1,4,4972,-13377,22,1101100,434,41846,12,750,9.0,13.5,4,54.0,4.1686554,3.0,100
8428220,2016,1,4,3747,-12945,54,1101100,434,41846,12,750,9.0,13.5,4,54.0,4.1686554,3.0,100
8428221,2016,1,4,2460,-15095,100,1101100,434,41846,12,750,9.0,13.5,12,162.0,5.382259400000001,9.0,100
8428222,2016,1,4,3679,-13377,22,1101100,434,41846,12,750,9.0,13.5,1,13.5,2.6783984,0.75,100
8428223,2016,1,4,2618,-13134,57,1101100,434,41846,12,750,9.0,13.5,12,162.0,5.382259400000001,9.0,6
8428224,2016,1,4,3886,-13331,53,1101100,434,41846,12,750,9.0,13.5,24,324.0,6.163139,18.0,100
8428225,2016,1,4,3811,-12904,56,1101100,434,41846,12,750,9.0,13.5,12,162.0,5.382259400000001,9.0,100
8428226,2016,1,4,3859,-14892,10,1101100,434,41846,12,750,9.0,13.5,12,162.0,5.382259400000001,9.0,100
8428227,2016,1,4,2648,-15271,77,1101100,434,41846,12,750,9.0,13.5,12,162.0,5.382259400000001,9.0,4
8428228,2016,1,4,2538,-14834,7,1062100,260,42166,12,750,10.0,15.0,1,15.0,2.7900763,0.75,3
8428229,2016,1,4,4373,-15270,77,1012100,115,11774,24,375,3.07,4.61,24,110.64,4.9577160000000005,9.0,74
8428230,2016,1,4,2643,-14835,7,1062100,260,42166,12,750,10.0,15.0,2,30.0,3.5312523999999996,1.5,100
8428231,2016,1,4,4829,-15222,77,1062300,370,42699,12,750,7.49,11.24,12,134.88,5.1778355000000005,9.0,100
8428232,2016,1,4,4402,-13209,92,1012100,115,11774,24,375,3.07,4.61,3,13.83,2.703974,1.12,80
8428233,2016,1,4,4993,-12904,56,1012100,115,11774,24,375,3.07,4.61,24,110.64,4.9577160000000005,9.0,100
8428234,2016,1,4,4757,-15501,77,1012100,115,11774,24,375,3.07,4.61,3,13.83,2.703974,1.12,100
8428235,2016,1,4,2498,-14930,33,1012100,115,11774,24,375,3.07,4.61,6,27.66,3.4438313999999997,2.25,100
8428236,2016,1,4,2628,-14909,42,1012100,115,11774,24,375,3.07,4.61,24,110.64,4.9577160000000005,9.0,100
8428237,2016,1,4,2618,-13134,57,1012100,115,11774,24,375,3.07,4.61,3,13.83,2.703974,1.12,6
8428238,2016,1,4,4604,-15328,50,1012100,115,11774,24,375,3.07,4.61,6,27.66,3.4438313999999997,2.25,100
8428239,2016,1,4,2662,-12775,70,1012100,115,11774,24,375,3.07,4.61,24,110.64,4.9577160000000005,9.0,100
8428240,2016,1,4,2653,-13183,92,1012100,115,11774,24,375,3.07,4.61,2,9.22,2.27637,0.75,100
8428241,2016,1,4,4473,-15320,39,1012100,115,11774,24,375,3.07,4.61,24,110.64,4.9577160000000005,9.0,92
8428242,2016,1,4,2601,-12980,51,1062300,370,42699,12,750,7.49,11.24,12,134.88,5.1778355000000005,9.0,100
8428243,2016,1,4,2643,-14835,7,1062300,370,42699,12,750,7.49,11.24,2,22.48,3.221316,1.5,100
8428244,2016,1,4,5091,-12775,70,1012100,115,11774,24,375,3.07,4.61,12,55.32,4.195020700000001,4.5,436
8428245,2016,1,4,2538,-14834,7,1062300,370,42699,12,750,7.49,11.24,1,11.24,2.4848156,0.75,3
8428246,2016,1,4,2670,-13295,52,1062300,370,42699,12,750,7.49,11.24,12,134.88,5.1778355000000005,9.0,100
8428247,2016,1,4,2653,-13183,92,1062300,370,42699,12,750,7.49,11.24,2,22.48,3.221316,1.5,100
8428248,2016,1,4,2460,-15095,100,1062300,370,42699,12,750,7.49,11.24,2,22.48,3.221316,1.5,100
8428249,2016,1,4,2618,-13134,57,1062300,370,42699,12,750,7.49,11.24,2,22.48,3.221316,1.5,6
8428250,2016,1,4,2190,-15222,77,1062300,370,42699,12,750,7.49,11.24,2,22.48,3.221316,1.5,100
8428251,2016,1,4,2569,-13134,57,1062300,370,42699,12,750,7.49,11.24,2,22.48,3.221316,1.5,2
8428252,2016,1,4,3525,-13183,92,1062300,370,42699,12,750,7.49,11.24,1,11.24,2.4848156,0.75,100
8428253,2016,1,4,4845,-13135,57,1012100,115,11774,24,375,3.07,4.61,48,221.28,5.732092400000001,18.0,100
8428254,2016,1,4,2647,-13125,57,1012100,115,11774,24,375,3.07,4.61,3,13.83,2.703974,1.12,7
8428255,2016,1,4,2191,-12904,56,1062300,370,42712,12,500,4.95,7.43,1,7.43,2.0502813,0.5,100
8428256,2016,1,4,4967,-12810,82,1012100,115,11774,24,375,3.07,4.61,4,18.44,3.0096781000000004,1.5,100
8428257,2016,1,4,2573,-12775,70,1012100,115,11774,24,375,3.07,4.61,12,55.32,4.195020700000001,4.5,100
8428258,2016,1,4,4543,-13234,57,1012100,115,11774,24,375,3.07,4.61,24,110.64,4.9577160000000005,9.0,2924
8428259,2016,1,4,4152,-13981,43,1062300,370,42699,12,750,7.49,11.24,3,33.72,3.6573597999999996,2.25,100
8428260,2016,1,4,4596,-15219,77,1012100,115,11774,24,375,3.07,4.61,24,110.64,4.9577160000000005,9.0,534
8428261,2016,1,4,3403,-12798,58,1012100,115,11774,24,375,3.07,4.61,24,110.64,4.9577160000000005,9.0,100
8428262,2016,1,4,4504,-15411,91,1012100,115,11774,24,375,3.07,4.61,24,110.64,4.9577160000000005,9.0,921
8428263,2016,1,4,4845,-13135,57,1012100,115,11773,48,200,1.56,2.34,48,112.32,4.9744269999999995,9.6,100
8428264,2016,1,4,2647,-13125,57,1012100,115,11773,48,200,1.56,2.34,3,7.02,1.9910033999999999,0.6,7
8428265,2016,1,4,2643,-14835,7,1031200,380,41707,12,1000,5.78,8.67,2,17.34,2.9441564,2.0,100
8428266,2016,1,4,2538,-14834,7,1062300,370,42703,12,750,7.49,11.24,12,134.88,5.1778355000000005,9.0,3
8428267,2016,1,4,2648,-15271,77,1012100,115,11773,48,200,1.56,2.34,48,112.32,4.9744269999999995,9.6,4
8428268,2016,1,4,4698,-12980,51,1012100,115,11773,48,200,1.56,2.34,96,224.64,5.74906,19.2,100
8428269,2016,1,4,2584,-12909,56,1062300,370,42703,12,750,7.49,11.24,4,44.96,3.9690974000000003,3.0,100
8428270,2016,1,4,5102,-13222,57,1062300,370,42703,12,750,7.49,11.24,3,33.72,3.6573597999999996,2.25,100
8428271,2016,1,4,2590,-13134,57,1012100,115,11773,48,200,1.56,2.34,5,11.7,2.5271297,1.0,5
8428272,2016,1,4,3400,-15219,77,1012100,115,11773,48,200,1.56,2.34,48,112.32,4.9744269999999995,9.6,100
8428273,2016,1,4,2588,-13133,57,1012100,115,11773,48,200,1.56,2.34,6,14.04,2.7199404,1.2,6
8428274,2016,1,4,4180,-13234,57,1012100,115,11773,48,200,1.56,2.34,48,112.32,4.9744269999999995,9.6,100
8428275,2016,1,4,2653,-13183,92,1062300,370,42703,12,750,7.49,11.24,2,22.48,3.221316,1.5,100
8428276,2016,1,4,3628,-13134,57,1062300,370,42703,12,750,7.49,11.24,12,134.88,5.1778355000000005,9.0,100
8428277,2016,1,4,5077,-14035,78,1062300,370,42703,12,750,7.49,11.24,12,134.88,5.1778355000000005,9.0,100
8428278,2016,1,4,3811,-12904,56,1062300,370,42703,12,750,7.49,11.24,12,134.88,5.1778355000000005,9.0,100
8428279,2016,1,4,3618,-13132,57,1062300,370,42703,12,750,7.49,11.24,12,134.88,5.1778355000000005,9.0,100
8428280,2016,1,4,2558,-12895,44,1012100,115,11774,24,375,3.07,4.61,24,110.64,4.9577160000000005,9.0,100
8428281,2016,1,4,3644,-15527,77,1062300,370,42703,12,750,7.49,11.24,12,134.88,5.1778355000000005,9.0,100
8428282,2016,1,4,2517,-15328,50,1012100,115,11774,24,375,3.07,4.61,10,46.1,3.996324,3.75,1
8428283,2016,1,4,3461,-15286,1,1012100,115,11774,24,375,3.07,4.61,24,110.64,4.9577160000000005,9.0,100
8428284,2016,1,4,2560,-13234,57,1062300,370,42703,12,750,7.49,11.24,6,67.44,4.41182,4.5,100
8428285,2016,1,4,4016,-14915,38,1062300,370,42703,12,750,7.49,11.24,1,11.24,2.4848156,0.75,100
8428286,2016,1,4,2527,-15221,77,1062300,370,42703,12,750,7.49,11.24,2,22.48,3.221316,1.5,5
8428287,2016,1,4,4622,-15216,77,1012100,115,11774,24,375,3.07,4.61,6,27.66,3.4438313999999997,2.25,544
8428288,2016,1,4,4580,-13183,92,1012100,115,11774,24,375,3.07,4.61,9,41.49,3.8818623999999997,3.38,100
8428289,2016,1,4,4379,-15270,77,1012100,115,11774,24,375,3.07,4.61,6,27.66,3.4438313999999997,2.25,100
8428290,2016,1,4,4859,-12935,29,1012100,115,11774,24,375,3.07,4.61,24,110.64,4.9577160000000005,9.0,6604
8428291,2016,1,4,4644,-12733,82,1012100,115,11774,24,375,3.07,4.61,10,46.1,3.996324,3.75,588
8428292,2016,1,4,4641,-15221,77,1012100,115,11774,24,375,3.07,4.61,9,41.49,3.8818623999999997,3.38,573
8428293,2016,1,4,3907,-12775,70,1012100,115,11774,24,375,3.07,4.61,2,9.22,2.27637,0.75,100
8428294,2016,1,4,4361,-15223,77,1012100,115,11774,24,375,3.07,4.61,8,36.88,3.7542176,3.0,100
8428295,2016,1,4,5072,-12895,44,1012100,115,11774,24,375,3.07,4.61,24,110.64,4.9577160000000005,9.0,100
8428296,2016,1,4,2633,-15216,77,1081700,305,42599,6,750,18.34,27.51,6,165.06,5.403185400000001,4.5,100
8428297,2016,1,4,2590,-13134,57,1062050,389,42666,12,750,9.98,14.97,2,29.94,3.5290953999999997,1.5,5
8428298,2016,1,4,2643,-14835,7,1062050,389,42666,12,750,9.98,14.97,3,44.91,3.9678879,2.25,100
8428299,2016,1,4,2647,-13125,57,1062300,91,42566,12,750,9.51,14.27,3,42.81,3.9158595000000003,2.25,7
8428300,2016,1,4,2601,-12980,51,1062300,91,42566,12,750,9.51,14.27,12,171.24,5.444314,9.0,100
8428301,2016,1,4,2191,-12904,56,1062300,91,42566,12,750,9.51,14.27,1,14.27,2.7371619,0.75,100
8428302,2016,1,4,2662,-12775,70,1062050,389,42507,12,750,14.99,22.49,2,44.98,3.969581,1.5,100
8428303,2016,1,4,4166,-14888,10,1062200,35,42370,12,750,12.5,18.75,1,18.75,3.0274532,0.75,100
8428304,2016,1,4,4482,-15411,91,1062300,370,42312,12,750,8.49,12.74,2,25.48,3.3556175,1.5,929
8428305,2016,1,4,2190,-15222,77,1062300,370,42312,12,750,8.49,12.74,2,25.48,3.3556175,1.5,100
8428306,2016,1,4,2538,-14834,7,1062050,305,42244,12,750,9.42,14.13,1,14.13,2.726712,0.75,3
8428307,2016,1,4,2521,-15271,77,1062050,305,42242,12,750,9.42,14.13,2,28.26,3.4669175,1.5,100
8428308,2016,1,4,2573,-12775,70,1062050,305,42242,12,750,9.42,14.13,2,28.26,3.4669175,1.5,100
8428309,2016,1,4,2538,-14834,7,1062050,305,42242,12,750,9.42,14.13,2,28.26,3.4669175,1.5,3
8428310,2016,1,4,2512,-13296,52,1062050,305,42240,12,750,9.42,14.13,2,28.26,3.4669175,1.5,100
8428311,2016,1,4,2538,-14834,7,1062050,305,42240,12,750,9.42,14.13,3,42.39,3.9051546999999998,2.25,3
8428312,2016,1,4,2538,-14834,7,1062050,305,42204,12,750,9.42,14.13,1,14.13,2.726712,0.75,3
8428313,2016,1,4,5054,-13449,28,1062300,305,42177,12,500,5.05,7.58,3,22.74,3.2336294999999997,1.5,100
8428314,2016,1,4,2538,-14834,7,1081700,370,42175,12,750,7.49,11.24,12,134.88,5.1778355000000005,9.0,3
8428315,2016,1,4,3562,-12881,29,1081700,370,42175,12,750,7.49,11.24,12,134.88,5.1778355000000005,9.0,100
8428316,2016,1,4,3868,-13234,57,1081700,370,42175,12,750,7.49,11.24,12,134.88,5.1778355000000005,9.0,100
8428317,2016,1,4,3690,-14834,7,1081700,370,42175,12,750,7.49,11.24,12,134.88,5.1778355000000005,9.0,100
8428318,2016,1,4,2633,-15216,77,1062100,260,42167,12,1000,12.5,18.75,12,225.0,5.750863,12.0,100
8428319,2016,1,4,3773,-13135,57,1062100,260,42167,12,1000,12.5,18.75,3,56.25,4.213229,3.0,100
8428320,2016,1,4,2191,-12904,56,1062100,260,42167,12,1000,12.5,18.75,1,18.75,3.0274532,1.0,100
8428321,2016,1,4,2605,-13134,57,1062100,260,42166,12,750,10.0,15.0,2,30.0,3.5312523999999996,1.5,5
8428322,2016,1,4,2588,-13133,57,1062100,260,42166,12,750,10.0,15.0,3,45.0,3.9700642,2.25,6
8428323,2016,1,4,2512,-13296,52,1062100,260,42166,12,750,10.0,15.0,4,60.0,4.2837806,3.0,100
8428324,2016,1,4,2648,-15271,77,1062100,260,42166,12,750,10.0,15.0,6,90.0,4.7293134000000006,4.5,4
8428325,2016,1,4,3562,-12881,29,1062300,370,42676,12,750,7.49,11.24,12,134.88,5.1778355000000005,9.0,100
8428326,2016,1,4,4152,-13981,43,1062100,260,42166,12,750,10.0,15.0,5,75.0,4.528485,3.75,100
8428327,2016,1,4,3868,-13234,57,1062300,370,42676,12,750,7.49,11.24,12,134.88,5.1778355000000005,9.0,100
8428328,2016,1,4,5149,-12935,29,1062300,370,42676,12,750,7.49,11.24,4,44.96,3.9690974000000003,3.0,100
8428329,2016,1,4,4696,-15270,77,1012100,115,11774,24,375,3.07,4.61,8,36.88,3.7542176,3.0,517
8428330,2016,1,4,2627,-15226,77,1012100,115,11774,24,375,3.07,4.61,24,110.64,4.9577160000000005,9.0,1
8428331,2016,1,4,4773,-15271,77,1012100,115,11774,24,375,3.07,4.61,3,13.83,2.703974,1.12,100
8428332,2016,1,4,4698,-12980,51,1012100,115,11774,24,375,3.07,4.61,48,221.28,5.732092400000001,18.0,100
8428333,2016,1,4,2521,-15271,77,1012100,115,11774,24,375,3.07,4.61,24,110.64,4.9577160000000005,9.0,100
8428334,2016,1,4,4312,-14035,78,1012100,115,11774,24,375,3.07,4.61,2,9.22,2.27637,0.75,100
8428335,2016,1,4,2613,-14035,78,1012100,115,11774,24,375,3.07,4.61,4,18.44,3.0096781000000004,1.5,1
8428336,2016,1,4,2613,-14035,78,1062300,370,42687,12,750,7.99,11.99,4,47.96,4.0393634,3.0,1
8428337,2016,1,4,3918,-12734,82,1012100,115,11774,24,375,3.07,4.61,24,110.64,4.9577160000000005,9.0,100
8428338,2016,1,4,4180,-13234,57,1012100,115,11774,24,375,3.07,4.61,24,110.64,4.9577160000000005,9.0,100
8428339,2016,1,4,2588,-13133,57,1012100,115,11774,24,375,3.07,4.61,12,55.32,4.195020700000001,4.5,6
8428340,2016,1,4,2549,-15411,91,1062300,370,42687,12,750,7.99,11.99,12,143.88,5.249815,9.0,100
8428341,2016,1,4,2535,-15271,77,1012100,115,11774,24,375,3.07,4.61,6,27.66,3.4438313999999997,2.25,1
8428342,2016,1,4,4874,-12895,44,1062300,370,42687,12,750,7.99,11.99,1,11.99,2.5529778,0.75,100
8428343,2016,1,4,2538,-14834,7,1062300,370,42687,12,750,7.99,11.99,2,23.98,3.2905222999999997,1.5,3
8428344,2016,1,4,4617,-15219,77,1062300,370,42687,12,750,7.99,11.99,2,23.98,3.2905222999999997,1.5,100
8428345,2016,1,4,3400,-15219,77,1012100,115,11774,24,375,3.07,4.61,24,110.64,4.9577160000000005,9.0,100
8428346,2016,1,4,4819,-15527,77,1012100,115,11774,24,375,3.07,4.61,2,9.22,2.27637,0.75,100
8428347,2016,1,4,2590,-13134,57,1012100,115,11774,24,375,3.07,4.61,8,36.88,3.7542176,3.0,5
8428348,2016,1,4,2190,-15222,77,1062300,370,42687,12,750,7.99,11.99,2,23.98,3.2905222999999997,1.5,100
8428349,2016,1,4,2527,-15221,77,1062300,370,42687,12,750,7.99,11.99,2,23.98,3.2905222999999997,1.5,5
8428350,2016,1,4,4621,-15375,85,1062300,370,42687,12,750,7.99,11.99,12,143.88,5.249815,9.0,23
8428351,2016,1,4,2521,-15271,77,1062300,370,42676,12,750,7.49,11.24,12,134.88,5.1778355000000005,9.0,100
8428352,2016,1,4,2648,-15271,77,1062300,370,42676,12,750,7.49,11.24,3,33.72,3.6573597999999996,2.25,4
8428353,2016,1,4,4000,-13957,43,1062300,370,42676,12,750,7.49,11.24,3,33.72,3.6573597999999996,2.25,100
8428354,2016,1,4,2538,-14834,7,1062300,370,42676,12,750,7.49,11.24,2,22.48,3.221316,1.5,3
8428355,2016,1,4,2670,-13295,52,1062300,370,42676,12,750,7.49,11.24,12,134.88,5.1778355000000005,9.0,100
8428356,2016,1,4,3747,-12945,54,1062300,370,42676,12,750,7.49,11.24,1,11.24,2.4848156,0.75,100
8428357,2016,1,4,2190,-15222,77,1062300,370,42676,12,750,7.49,11.24,2,22.48,3.221316,1.5,100
8428358,2016,1,4,2560,-13234,57,1062300,370,42676,12,750,7.49,11.24,6,67.44,4.41182,4.5,100
8428359,2016,1,4,4166,-14888,10,1031200,380,41707,12,1000,5.78,8.67,1,8.67,2.211837,1.0,100
8428360,2016,1,4,3628,-13134,57,1031200,380,41692,6,1750,10.99,16.49,6,98.94,4.833948,10.5,100
8428361,2016,1,4,4869,-13484,22,1031200,380,41707,12,1000,5.78,8.67,2,17.34,2.9441564,2.0,100
8428362,2016,1,4,2627,-15226,77,1031200,380,41692,6,1750,10.99,16.49,6,98.94,4.833948,10.5,1
8428363,2016,1,4,4000,-13957,43,1031200,380,41692,6,1750,10.99,16.49,1,16.49,2.8906791000000003,1.75,100
8428364,2016,1,4,2554,-12734,82,1031200,380,41692,6,1750,10.99,16.49,6,98.94,4.833948,10.5,100
8428365,2016,1,4,4874,-12895,44,1031200,380,41692,6,1750,10.99,16.49,1,16.49,2.8906791000000003,1.75,100
8428366,2016,1,4,2643,-14835,7,1031200,380,41692,6,1750,10.99,16.49,2,32.98,3.6333961,3.5,100
8428367,2016,1,4,3972,-15414,42,1031200,380,41692,6,1750,10.99,16.49,1,16.49,2.8906791000000003,1.75,100
8428368,2016,1,4,3917,-12732,82,1031200,380,41692,6,1750,10.99,16.49,1,16.49,2.8906791000000003,1.75,100
8428369,2016,1,4,2591,-15514,15,1031200,380,41692,6,1750,10.99,16.49,6,98.94,4.833948,10.5,100
8428370,2016,1,4,4617,-15219,77,1031200,380,41692,6,1750,10.99,16.49,2,32.98,3.6333961,3.5,100
8428371,2016,1,4,3562,-12881,29,1031200,380,41692,6,1750,10.99,16.49,6,98.94,4.833948,10.5,100
8428372,2016,1,4,3899,-15270,77,1031200,380,41692,6,1750,10.99,16.49,6,98.94,4.833948,10.5,100
8428373,2016,1,4,3868,-13234,57,1031200,380,41692,6,1750,10.99,16.49,6,98.94,4.833948,10.5,100
8428374,2016,1,4,3644,-15527,77,1031200,380,41692,6,1750,10.99,16.49,6,98.94,4.833948,10.5,100
8428375,2016,1,4,2647,-13125,57,1031200,380,41692,6,1750,10.99,16.49,12,197.88,5.606429,21.0,7
8428376,2016,1,4,3618,-13132,57,1031200,380,41692,6,1750,10.99,16.49,6,98.94,4.833948,10.5,100
8428377,2016,1,4,2539,-15410,42,1031200,380,41692,6,1750,10.99,16.49,6,98.94,4.833948,10.5,100
8428378,2016,1,4,4222,-14829,7,1031200,380,41692,6,1750,10.99,16.49,2,32.98,3.6333961,3.5,100
8428379,2016,1,4,2636,-15219,77,1031200,380,41692,6,1750,10.99,16.49,6,98.94,4.833948,10.5,100
8428380,2016,1,4,2506,-12935,29,1031200,380,41692,6,1750,10.99,16.49,6,98.94,4.833948,10.5,1044
8428381,2016,1,4,4684,-15411,91,1031200,380,41692,6,1750,10.99,16.49,6,98.94,4.833948,10.5,928
8428382,2016,1,4,3525,-13183,92,1031200,380,41692,6,1750,10.99,16.49,6,98.94,4.833948,10.5,100
8428383,2016,1,4,2517,-15328,50,1031200,380,41692,6,1750,10.99,16.49,6,98.94,4.833948,10.5,1
8428384,2016,1,4,4856,-13283,57,1031200,380,41692,6,1750,10.99,16.49,6,98.94,4.833948,10.5,100
8428385,2016,1,4,4560,-13999,83,1031200,380,41688,12,750,6.5,9.75,6,58.5,4.256092,4.5,2914
8428386,2016,1,4,2448,-15411,91,1031200,380,41688,12,750,6.5,9.75,1,9.75,2.3350883,0.75,100
8428387,2016,1,4,5095,-14026,78,1031200,380,41688,12,750,6.5,9.75,12,117.0,5.019722499999999,9.0,100
8428388,2016,1,4,2588,-13133,57,1031200,380,41681,6,1750,10.99,16.49,6,98.94,4.833948,10.5,6
8428389,2016,1,4,2549,-15411,91,1031200,380,41681,6,1750,10.99,16.49,6,98.94,4.833948,10.5,100
8428390,2016,1,4,3811,-12904,56,1031200,380,41692,6,1750,10.99,16.49,6,98.94,4.833948,10.5,100
8428391,2016,1,4,3400,-15219,77,1031200,380,41692,6,1750,10.99,16.49,6,98.94,4.833948,10.5,100
8428392,2016,1,4,3952,-12814,82,1062300,35,43066,12,750,8.26,12.39,1,12.39,2.587644,0.75,100
8428393,2016,1,4,4749,-12732,82,1031200,380,41693,12,750,6.5,9.75,12,117.0,5.019722499999999,9.0,5239
8428394,2016,1,4,4604,-15328,50,1031200,380,41693,12,750,6.5,9.75,3,29.25,3.5039816,2.25,100
8428395,2016,1,4,2662,-12775,70,1031200,380,41693,12,750,6.5,9.75,6,58.5,4.256092,4.5,100
8428396,2016,1,4,5001,-14892,10,1031200,380,41693,12,750,6.5,9.75,3,29.25,3.5039816,2.25,100
8428397,2016,1,4,4138,-15411,91,1031200,380,41693,12,750,6.5,9.75,12,117.0,5.019722499999999,9.0,657
8428398,2016,1,4,2506,-12935,29,1031200,380,41693,12,750,6.5,9.75,12,117.0,5.019722499999999,9.0,1044
8428399,2016,1,4,5075,-15329,62,1031200,380,41693,12,750,6.5,9.75,3,29.25,3.5039816,2.25,100
8428400,2016,1,4,2527,-15221,77,1031200,380,41693,12,750,6.5,9.75,12,117.0,5.019722499999999,9.0,5
8428401,2016,1,4,4222,-14829,7,1031200,380,41693,12,750,6.5,9.75,3,29.25,3.5039816,2.25,100
8428402,2016,1,4,3934,-13476,49,1031200,380,41693,12,750,6.5,9.75,12,117.0,5.019722499999999,9.0,100
8428403,2016,1,4,3651,-15411,91,1031200,380,41693,12,750,6.5,9.75,12,117.0,5.019722499999999,9.0,100
8428404,2016,1,4,3790,-12895,44,1031200,380,41693,12,750,6.5,9.75,12,117.0,5.019722499999999,9.0,100
8428405,2016,1,4,4019,-13479,28,1031200,380,41693,12,750,6.5,9.75,12,117.0,5.019722499999999,9.0,100
8428406,2016,1,4,3859,-14892,10,1031200,380,41693,12,750,6.5,9.75,12,117.0,5.019722499999999,9.0,100
8428407,2016,1,4,3811,-12904,56,1031200,380,41693,12,750,6.5,9.75,12,117.0,5.019722499999999,9.0,100
8428408,2016,1,4,4021,-12980,51,1031200,380,41693,12,750,6.5,9.75,12,117.0,5.019722499999999,9.0,100
8428409,2016,1,4,3886,-13331,53,1031200,380,41693,12,750,6.5,9.75,12,117.0,5.019722499999999,9.0,100
8428410,2016,1,4,3618,-13132,57,1031200,380,41693,12,750,6.5,9.75,12,117.0,5.019722499999999,9.0,100
8428411,2016,1,4,3563,-12775,70,1031200,380,41693,12,750,6.5,9.75,12,117.0,5.019722499999999,9.0,100
8428412,2016,1,4,5091,-12775,70,1031200,380,41693,12,750,6.5,9.75,4,39.0,3.8147485,3.0,436
8428413,2016,1,4,4303,-12899,29,1031200,380,41693,12,750,6.5,9.75,3,29.25,3.5039816,2.25,100
8428414,2016,1,4,4746,-12775,70,1031200,380,41693,12,750,6.5,9.75,12,117.0,5.019722499999999,9.0,5885
8428415,2016,1,4,4504,-15411,91,1031200,380,41693,12,750,6.5,9.75,12,117.0,5.019722499999999,9.0,921
8428416,2016,1,4,4619,-12909,56,1031200,380,41693,12,750,6.5,9.75,1,9.75,2.3350883,0.75,100
8428417,2016,1,4,3403,-12798,58,1031200,380,41693,12,750,6.5,9.75,4,39.0,3.8147485,3.0,100
8428418,2016,1,4,2569,-13134,57,1031200,380,41693,12,750,6.5,9.75,12,117.0,5.019722499999999,9.0,2
8428419,2016,1,4,2555,-12904,56,1031200,380,41693,12,750,6.5,9.75,12,117.0,5.019722499999999,9.0,100
8428420,2016,1,4,4250,-14909,42,1031200,380,41693,12,750,6.5,9.75,12,117.0,5.019722499999999,9.0,882
8428421,2016,1,4,3525,-13183,92,1031200,380,41693,12,750,6.5,9.75,1,9.75,2.3350883,0.75,100
8428422,2016,1,4,4284,-15410,42,1031200,380,41693,12,750,6.5,9.75,12,117.0,5.019722499999999,9.0,559
8428423,2016,1,4,2650,-13999,83,1031200,380,41681,6,1750,10.99,16.49,6,98.94,4.833948,10.5,100
8428424,2016,1,4,2613,-14035,78,1031200,380,41681,6,1750,10.99,16.49,6,98.94,4.833948,10.5,1
8428425,2016,1,4,2527,-15221,77,1031200,380,41681,6,1750,10.99,16.49,6,98.94,4.833948,10.5,5
8428426,2016,1,4,2662,-12775,70,1031200,259,41670,12,750,3.82,6.06,12,72.72,4.494559,9.0,100
8428427,2016,1,4,3805,-13452,82,1031200,380,41601,12,375,3.45,5.18,5,25.9,3.3731730000000004,1.88,100
8428428,2016,1,4,2506,-12935,29,1031200,380,41601,12,375,3.45,5.18,4,20.72,3.1341083,1.5,1044
8428429,2016,1,4,4222,-14829,7,1031200,380,41601,12,375,3.45,5.18,5,25.9,3.3731730000000004,1.88,100
8428430,2016,1,4,5095,-14026,78,1031200,380,41601,12,375,3.45,5.18,12,62.16,4.322485400000001,4.5,100
8428431,2016,1,4,5206,-14898,38,1031200,380,41601,12,375,3.45,5.18,4,20.72,3.1341083,1.5,100
8428432,2016,1,4,4596,-15219,77,1031200,380,41601,12,375,3.45,5.18,3,15.54,2.8276220000000003,1.12,534
8428433,2016,1,4,2555,-12904,56,1031200,380,41601,12,375,3.45,5.18,12,62.16,4.322485400000001,4.5,100
8428434,2016,1,4,4970,-12760,70,1031200,380,41601,12,375,3.45,5.18,2,10.36,2.3989232000000005,0.75,100
8428435,2016,1,4,4000,-13957,43,1031200,434,41500,12,1000,5.01,7.52,3,22.56,3.2251196,3.0,100
8428436,2016,1,4,4794,-12935,29,1031200,434,41500,12,1000,5.01,7.52,2,15.04,2.7929025000000003,2.0,100
8428437,2016,1,4,2636,-15219,77,1031200,434,41500,12,1000,5.01,7.52,12,90.24,4.732253,12.0,100
8428438,2016,1,4,3525,-13183,92,1031200,434,41500,12,1000,5.01,7.52,1,7.52,2.0628645,1.0,100
8428439,2016,1,4,5142,-13233,57,1031200,259,41413,12,750,3.82,6.06,2,12.12,2.5643667999999997,1.5,100
8428440,2016,1,4,2532,-15219,77,1031200,259,41413,12,750,3.82,6.06,12,72.72,4.494559,9.0,2
8428441,2016,1,4,5013,-12814,82,1031200,259,41413,12,750,3.82,6.06,3,18.18,2.994543,2.25,100
8428442,2016,1,4,4482,-15411,91,1031200,380,41360,12,750,6.5,9.75,2,19.5,3.0692956000000002,1.5,929
8428443,2016,1,4,2538,-14834,7,1031200,380,41360,12,750,6.5,9.75,12,117.0,5.019722499999999,9.0,3
8428444,2016,1,4,4166,-14888,10,1031200,380,41360,12,750,6.5,9.75,1,9.75,2.3350883,0.75,100
8428445,2016,1,4,3907,-12775,70,1031200,380,41360,12,750,6.5,9.75,1,9.75,2.3350883,0.75,100
8428446,2016,1,4,2584,-12909,56,1031200,380,41360,12,750,6.5,9.75,4,39.0,3.8147485,3.0,100
8428447,2016,1,4,4794,-12935,29,1031200,380,41360,12,750,6.5,9.75,2,19.5,3.0692956000000002,1.5,100
8428448,2016,1,4,4617,-15219,77,1031200,380,41360,12,750,6.5,9.75,3,29.25,3.5039816,2.25,100
8428449,2016,1,4,3829,-13222,57,1031200,380,41360,12,750,6.5,9.75,3,29.25,3.5039816,2.25,100
8428450,2016,1,4,2643,-14835,7,1031200,259,41326,12,750,3.82,6.06,3,18.18,2.994543,2.25,100
8428451,2016,1,4,3972,-15414,42,1031200,259,41326,12,750,3.82,6.06,2,12.12,2.5643667999999997,1.5,100
8428452,2016,1,4,2528,-15221,77,1031200,259,41326,12,750,3.82,6.06,12,72.72,4.494559,9.0,3
8428453,2016,1,4,4152,-13981,43,1062300,370,42703,12,750,7.49,11.24,2,22.48,3.221316,1.5,100
8428454,2016,1,4,2605,-13134,57,1031200,259,41316,12,750,3.82,6.06,6,36.36,3.7388508000000003,4.5,5
8428455,2016,1,4,4223,-14829,7,1031200,259,41320,12,750,3.82,6.06,5,30.3,3.5419742999999997,3.75,100
8428456,2016,1,4,4993,-12904,56,1031200,380,41601,12,375,3.45,5.18,12,62.16,4.322485400000001,4.5,100
8428457,2016,1,4,3829,-13222,57,1031200,380,41693,12,750,6.5,9.75,5,48.75,4.057151999999999,3.75,100
8428458,2016,1,4,5001,-14892,10,1031200,380,41601,12,375,3.45,5.18,3,15.54,2.8276220000000003,1.12,100
8428459,2016,1,4,2613,-14035,78,1031200,380,41601,12,375,3.45,5.18,4,20.72,3.1341083,1.5,1
8428460,2016,1,4,4223,-14829,7,1031200,259,41670,12,750,3.82,6.06,2,12.12,2.5643667999999997,1.5,100
8428461,2016,1,4,2506,-12935,29,1031200,259,41670,12,750,3.82,6.06,12,72.72,4.494559,9.0,1044
8428462,2016,1,4,2613,-14035,78,1031200,380,41653,12,750,6.5,9.75,4,39.0,3.8147485,3.0,1
8428463,2016,1,4,2573,-12775,70,1031200,380,41653,12,750,6.5,9.75,12,117.0,5.019722499999999,9.0,100
8428464,2016,1,4,3829,-13222,57,1031200,380,41653,12,750,6.5,9.75,3,29.25,3.5039816,2.25,100
8428465,2016,1,4,2650,-13999,83,1031200,380,41625,6,1750,10.64,15.96,6,95.76,4.797829,10.5,100
8428466,2016,1,4,4152,-13981,43,1031200,380,41625,6,1750,10.64,15.96,1,15.96,2.855952,1.75,100
8428467,2016,1,4,2527,-15221,77,1031200,380,41625,6,1750,10.64,15.96,6,95.76,4.797829,10.5,5
8428468,2016,1,4,4067,-13180,90,1031200,380,41625,6,1750,10.64,15.96,6,95.76,4.797829,10.5,100
8428469,2016,1,4,3525,-13183,92,1031200,380,41625,6,1750,10.64,15.96,1,15.96,2.855952,1.75,100
8428470,2016,1,4,2535,-15271,77,1031200,380,41604,12,750,6.5,9.75,12,117.0,5.019722499999999,9.0,1
8428471,2016,1,4,4829,-15222,77,1031200,380,41604,12,750,6.5,9.75,36,351.0,6.2540793,27.0,100
8428472,2016,1,4,2588,-13133,57,1031200,380,41604,12,750,6.5,9.75,6,58.5,4.256092,4.5,6
8428473,2016,1,4,2633,-15216,77,1031200,380,41604,12,750,6.5,9.75,72,702.0,7.048311999999999,54.0,100
8428474,2016,1,4,2521,-15271,77,1031200,380,41604,12,750,6.5,9.75,12,117.0,5.019722499999999,9.0,100
8428475,2016,1,4,3952,-12814,82,1031200,380,41604,12,750,6.5,9.75,12,117.0,5.019722499999999,9.0,100
8428476,2016,1,4,2650,-13999,83,1031200,380,41604,12,750,6.5,9.75,12,117.0,5.019722499999999,9.0,100
8428477,2016,1,4,4000,-13957,43,1031200,380,41604,12,750,6.5,9.75,2,19.5,3.0692956000000002,1.5,100
8428478,2016,1,4,4495,-14898,38,1031200,380,41604,12,750,6.5,9.75,8,78.0,4.571619,6.0,3055
8428479,2016,1,4,3829,-13222,57,1031200,380,41604,12,750,6.5,9.75,4,39.0,3.8147485,3.0,100
8428480,2016,1,4,3747,-12945,54,1031200,380,41604,12,750,6.5,9.75,2,19.5,3.0692956000000002,1.5,100
8428481,2016,1,4,3612,-13476,49,1031200,380,41604,12,750,6.5,9.75,2,19.5,3.0692956000000002,1.5,100
8428482,2016,1,4,3805,-13452,82,1031200,380,41604,12,750,6.5,9.75,2,19.5,3.0692956000000002,1.5,100
8428483,2016,1,4,3549,-12909,56,1031200,380,41604,12,750,6.5,9.75,1,9.75,2.3350883,0.75,100
8428484,2016,1,4,2506,-12935,29,1031200,380,41604,12,750,6.5,9.75,12,117.0,5.019722499999999,9.0,1044
8428485,2016,1,4,2539,-15410,42,1031200,380,41604,12,750,6.5,9.75,2,19.5,3.0692956000000002,1.5,100
8428486,2016,1,4,2517,-15328,50,1031200,380,41604,12,750,6.5,9.75,4,39.0,3.8147485,3.0,1
8428487,2016,1,4,3385,-13134,57,1031200,380,41604,12,750,6.5,9.75,12,117.0,5.019722499999999,9.0,100
8428488,2016,1,4,5046,-12904,56,1031200,380,41601,12,375,3.45,5.18,12,62.16,4.322485400000001,4.5,100
8428489,2016,1,4,4361,-15223,77,1031200,380,41601,12,375,3.45,5.18,1,5.18,1.6748288,0.38,100
8428490,2016,1,4,2628,-14909,42,1031200,380,41693,12,750,6.5,9.75,12,117.0,5.019722499999999,9.0,100
8428491,2016,1,4,3612,-13476,49,1031200,380,41693,12,750,6.5,9.75,2,19.5,3.0692956000000002,1.5,100
8428492,2016,1,4,3805,-13452,82,1031200,380,41693,12,750,6.5,9.75,3,29.25,3.5039816,2.25,100
8428493,2016,1,4,2527,-15221,77,1031200,380,41701,12,750,6.5,9.75,12,117.0,5.019722499999999,9.0,5
8428494,2016,1,4,3385,-13134,57,1031200,380,41701,12,750,6.5,9.75,12,117.0,5.019722499999999,9.0,100
8428495,2016,1,4,2605,-13134,57,1031200,380,41698,12,750,6.5,9.75,5,48.75,4.057151999999999,3.75,5
8428496,2016,1,4,4829,-15222,77,1031200,380,41698,12,750,6.5,9.75,12,117.0,5.019722499999999,9.0,100
8428497,2016,1,4,2512,-13296,52,1031200,380,41698,12,750,6.5,9.75,5,48.75,4.057151999999999,3.75,100
8428498,2016,1,4,2650,-13999,83,1031200,380,41698,12,750,6.5,9.75,3,29.25,3.5039816,2.25,100
8428499,2016,1,4,2613,-14035,78,1031200,380,41698,12,750,6.5,9.75,12,117.0,5.019722499999999,9.0,1
8428500,2016,1,4,2633,-15216,77,1031200,380,41698,12,750,6.5,9.75,12,117.0,5.019722499999999,9.0,100
8428501,2016,1,4,4152,-13981,43,1031200,380,41698,12,750,6.5,9.75,1,9.75,2.3350883,0.75,100
8428502,2016,1,4,2538,-14834,7,1031200,380,41698,12,750,6.5,9.75,12,117.0,5.019722499999999,9.0,3
8428503,2016,1,4,4148,-14892,10,1031200,380,41698,12,750,6.5,9.75,2,19.5,3.0692956000000002,1.5,479
8428504,2016,1,4,3972,-15414,42,1031200,380,41698,12,750,6.5,9.75,2,19.5,3.0692956000000002,1.5,100
8428505,2016,1,4,2573,-12775,70,1031200,380,41698,12,750,6.5,9.75,6,58.5,4.256092,4.5,100
8428506,2016,1,4,4604,-15328,50,1031200,380,41698,12,750,6.5,9.75,1,9.75,2.3350883,0.75,100
8428507,2016,1,4,3612,-13476,49,1031200,380,41698,12,750,6.5,9.75,2,19.5,3.0692956000000002,1.5,100
8428508,2016,1,4,2514,-15407,57,1031200,380,41698,12,750,6.5,9.75,6,58.5,4.256092,4.5,100
8428509,2016,1,4,2590,-13134,57,1031200,380,41696,12,750,6.5,9.75,2,19.5,3.0692956000000002,1.5,5
8428510,2016,1,4,2448,-15411,91,1031200,380,41696,12,750,6.5,9.75,2,19.5,3.0692956000000002,1.5,100
8428511,2016,1,4,4829,-15222,77,1031200,380,41696,12,750,6.5,9.75,2,19.5,3.0692956000000002,1.5,100
8428512,2016,1,4,2648,-15271,77,1031200,380,41696,12,750,6.5,9.75,3,29.25,3.5039816,2.25,4
8428513,2016,1,4,2573,-12775,70,1031200,380,41696,12,750,6.5,9.75,6,58.5,4.256092,4.5,100
8428514,2016,1,4,2584,-12909,56,1031200,380,41696,12,750,6.5,9.75,2,19.5,3.0692956000000002,1.5,100
8428515,2016,1,4,5071,-12789,16,1031200,380,41696,12,750,6.5,9.75,1,9.75,2.3350883,0.75,100
8428516,2016,1,4,4000,-13957,43,1031200,380,41696,12,750,6.5,9.75,2,19.5,3.0692956000000002,1.5,100
8428517,2016,1,4,5070,-12758,70,1031200,380,41696,12,750,6.5,9.75,2,19.5,3.0692956000000002,1.5,100
8428518,2016,1,4,4794,-12935,29,1031200,380,41696,12,750,6.5,9.75,2,19.5,3.0692956000000002,1.5,100
8428519,2016,1,4,3162,-12775,70,1031200,380,41696,12,750,6.5,9.75,3,29.25,3.5039816,2.25,100
8428520,2016,1,4,3612,-13476,49,1031200,380,41696,12,750,6.5,9.75,3,29.25,3.5039816,2.25,100
8428521,2016,1,4,3805,-13452,82,1031200,380,41696,12,750,6.5,9.75,2,19.5,3.0692956000000002,1.5,100
8428522,2016,1,4,4306,-15095,35,1031200,380,41701,12,750,6.5,9.75,1,9.75,2.3350883,0.75,100
8428523,2016,1,4,4604,-15328,50,1031200,380,41696,12,750,6.5,9.75,2,19.5,3.0692956000000002,1.5,100
8428524,2016,1,4,2628,-14909,42,1031200,380,41701,12,750,6.5,9.75,12,117.0,5.019722499999999,9.0,100
8428525,2016,1,4,4619,-12909,56,1031200,380,41704,12,750,6.5,9.75,2,19.5,3.0692956000000002,1.5,100
8428526,2016,1,4,2539,-15410,42,1031200,380,41707,12,1000,5.78,8.67,12,104.04,4.8895683,12.0,100
8428527,2016,1,4,3525,-13183,92,1031200,380,41707,12,1000,5.78,8.67,1,8.67,2.211837,1.0,100
8428528,2016,1,4,2633,-15216,77,1031200,380,41705,12,1000,7.5,11.25,12,135.0,5.1788254,12.0,100
8428529,2016,1,4,4152,-13981,43,1031200,380,41705,12,1000,7.5,11.25,1,11.25,2.4857533,1.0,100
8428530,2016,1,4,2670,-13295,52,1031200,380,41705,12,1000,7.5,11.25,12,135.0,5.1788254,12.0,100
8428531,2016,1,4,3712,-15365,79,1031200,380,41705,12,1000,7.5,11.25,2,22.5,3.2222682999999996,2.0,100
8428532,2016,1,4,2459,-15421,39,1031200,380,41705,12,1000,7.5,11.25,3,33.75,3.6583203999999996,3.0,100
8428533,2016,1,4,4303,-12899,29,1031200,380,41705,12,1000,7.5,11.25,1,11.25,2.4857533,1.0,100
8428534,2016,1,4,3465,-15320,39,1031200,380,41705,12,1000,7.5,11.25,4,45.0,3.9700642,4.0,100
8428535,2016,1,4,4296,-12971,89,1062300,260,43232,12,750,7.49,11.24,1,11.24,2.4848156,0.75,100
8428536,2016,1,4,2535,-15271,77,1031200,380,41704,12,750,6.5,9.75,12,117.0,5.019722499999999,9.0,1
8428537,2016,1,4,2512,-13296,52,1031200,380,41704,12,750,6.5,9.75,12,117.0,5.019722499999999,9.0,100
8428538,2016,1,4,4313,-15514,15,1031200,380,41704,12,750,6.5,9.75,12,117.0,5.019722499999999,9.0,940
8428539,2016,1,4,4000,-13957,43,1031200,380,41704,12,750,6.5,9.75,2,19.5,3.0692956000000002,1.5,100
8428540,2016,1,4,4641,-15221,77,1031200,380,41704,12,750,6.5,9.75,3,29.25,3.5039816,2.25,573
8428541,2016,1,4,4874,-12895,44,1031200,380,41704,12,750,6.5,9.75,1,9.75,2.3350883,0.75,100
8428542,2016,1,4,3917,-12732,82,1031200,380,41704,12,750,6.5,9.75,1,9.75,2.3350883,0.75,100
8428543,2016,1,4,4972,-13377,22,1031200,380,41704,12,750,6.5,9.75,1,9.75,2.3350883,0.75,100
8428544,2016,1,4,5001,-14892,10,1031200,380,41704,12,750,6.5,9.75,1,9.75,2.3350883,0.75,100
8428545,2016,1,4,4806,-12760,70,1031200,380,41704,12,750,6.5,9.75,12,117.0,5.019722499999999,9.0,100
8428546,2016,1,4,4306,-15095,35,1031200,380,41704,12,750,6.5,9.75,1,9.75,2.3350883,0.75,100
8428547,2016,1,4,3563,-12775,70,1031200,380,41704,12,750,6.5,9.75,12,117.0,5.019722499999999,9.0,100
8428548,2016,1,4,5108,-12814,82,1031200,380,41704,12,750,6.5,9.75,2,19.5,3.0692956000000002,1.5,100
8428549,2016,1,4,4016,-14915,38,1031200,380,41704,12,750,6.5,9.75,1,9.75,2.3350883,0.75,100
8428550,2016,1,4,5075,-15329,62,1031200,380,41704,12,750,6.5,9.75,2,19.5,3.0692956000000002,1.5,100
8428551,2016,1,4,4258,-12935,29,1031200,380,41704,12,750,6.5,9.75,2,19.5,3.0692956000000002,1.5,9
8428552,2016,1,4,5091,-12775,70,1031200,380,41704,12,750,6.5,9.75,2,19.5,3.0692956000000002,1.5,436
8428553,2016,1,4,3525,-13183,92,1031200,380,41704,12,750,6.5,9.75,1,9.75,2.3350883,0.75,100
8428554,2016,1,4,3403,-12798,58,1031200,380,41704,12,750,6.5,9.75,5,48.75,4.057151999999999,3.75,100
8428555,2016,1,4,2670,-13295,52,1031200,380,41701,12,750,6.5,9.75,3,29.25,3.5039816,2.25,100
8428556,2016,1,4,3612,-13476,49,1031200,380,41707,12,1000,5.78,8.67,3,26.01,3.3777246,3.0,100
8428557,2016,1,4,5054,-13449,28,1031200,380,41696,12,750,6.5,9.75,2,19.5,3.0692956000000002,1.5,100
8428558,2016,1,4,3591,-14935,100,1031200,380,41694,12,1000,7.5,11.25,12,135.0,5.1788254,12.0,100
8428559,2016,1,4,2605,-13134,57,1031200,380,41693,12,750,6.5,9.75,12,117.0,5.019722499999999,9.0,5
8428560,2016,1,4,2648,-15271,77,1031200,380,41693,12,750,6.5,9.75,12,117.0,5.019722499999999,9.0,4
8428561,2016,1,4,3871,-15270,77,1031200,380,41693,12,750,6.5,9.75,12,117.0,5.019722499999999,9.0,100
8428562,2016,1,4,2521,-15271,77,1031200,380,41693,12,750,6.5,9.75,12,117.0,5.019722499999999,9.0,100
8428563,2016,1,4,2512,-13296,52,1031200,380,41693,12,750,6.5,9.75,12,117.0,5.019722499999999,9.0,100
8428564,2016,1,4,2647,-13125,57,1031200,380,41693,12,750,6.5,9.75,12,117.0,5.019722499999999,9.0,7
8428565,2016,1,4,3784,-14892,10,1031200,380,41693,12,750,6.5,9.75,3,29.25,3.5039816,2.25,14
8428566,2016,1,4,4543,-13234,57,1031200,380,41693,12,750,6.5,9.75,12,117.0,5.019722499999999,9.0,2924
8428567,2016,1,4,4519,-15270,77,1031200,380,41693,12,750,6.5,9.75,12,117.0,5.019722499999999,9.0,2923
8428568,2016,1,4,4401,-13234,57,1011200,65,19064,24,375,4.98,7.47,5,37.35,3.7679257000000006,1.88,503
8428569,2016,1,4,4495,-14898,38,1031200,380,41693,12,750,6.5,9.75,8,78.0,4.571619,6.0,3055
8428570,2016,1,4,2573,-12775,70,1031200,380,41693,12,750,6.5,9.75,12,117.0,5.019722499999999,9.0,100
8428571,2016,1,4,4641,-15221,77,1031200,380,41693,12,750,6.5,9.75,3,29.25,3.5039816,2.25,573
8428572,2016,1,4,3907,-12775,70,1031200,380,41693,12,750,6.5,9.75,2,19.5,3.0692956000000002,1.5,100
8428573,2016,1,4,2601,-12980,51,1031200,380,41693,12,750,6.5,9.75,12,117.0,5.019722499999999,9.0,100
8428574,2016,1,4,5163,-12895,44,1031200,380,41693,12,750,6.5,9.75,2,19.5,3.0692956000000002,1.5,100
8428575,2016,1,4,2584,-12909,56,1031200,380,41693,12,750,6.5,9.75,12,117.0,5.019722499999999,9.0,100
8428576,2016,1,4,4166,-14888,10,1031200,380,41693,12,750,6.5,9.75,2,19.5,3.0692956000000002,1.5,100
8428577,2016,1,4,4874,-12895,44,1031200,380,41693,12,750,6.5,9.75,2,19.5,3.0692956000000002,1.5,100
8428578,2016,1,4,2538,-14834,7,1031200,380,41693,12,750,6.5,9.75,12,117.0,5.019722499999999,9.0,3
8428579,2016,1,4,2554,-12734,82,1031200,380,41693,12,750,6.5,9.75,12,117.0,5.019722499999999,9.0,100
8428580,2016,1,4,4313,-15514,15,1031200,380,41693,12,750,6.5,9.75,12,117.0,5.019722499999999,9.0,940
8428581,2016,1,4,4000,-13957,43,1031200,380,41693,12,750,6.5,9.75,4,39.0,3.8147485,3.0,100
8428582,2016,1,4,3917,-12732,82,1031200,380,41693,12,750,6.5,9.75,2,19.5,3.0692956000000002,1.5,100
8428583,2016,1,4,2653,-13183,92,1031200,380,41693,12,750,6.5,9.75,6,58.5,4.256092,4.5,100
8428584,2016,1,4,4184,-12775,70,1031200,380,41693,12,750,6.5,9.75,4,39.0,3.8147485,3.0,998
8428585,2016,1,4,4794,-12935,29,1031200,380,41693,12,750,6.5,9.75,12,117.0,5.019722499999999,9.0,100
8428586,2016,1,4,4876,-13303,57,1031200,380,41693,12,750,6.5,9.75,12,117.0,5.019722499999999,9.0,100
8428587,2016,1,4,4757,-15501,77,1031200,380,41693,12,750,6.5,9.75,3,29.25,3.5039816,2.25,100
8428588,2016,1,4,2588,-13133,57,1031200,380,41693,12,750,6.5,9.75,6,58.5,4.256092,4.5,6
8428589,2016,1,4,2191,-12904,56,1031200,380,41696,12,750,6.5,9.75,4,39.0,3.8147485,3.0,100
8428590,2016,1,4,4487,-13134,57,1031200,380,41693,12,750,6.5,9.75,12,117.0,5.019722499999999,9.0,2787
8428591,2016,1,4,4983,-12881,29,1031200,380,41693,12,750,6.5,9.75,12,117.0,5.019722499999999,9.0,100
8428592,2016,1,4,4829,-15222,77,1031200,380,41694,12,1000,7.5,11.25,24,270.0,5.9565887,24.0,100
8428593,2016,1,4,2448,-15411,91,1031200,380,41694,12,1000,7.5,11.25,2,22.5,3.2222682999999996,2.0,100
8428594,2016,1,4,3784,-14892,10,1031200,380,41694,12,1000,7.5,11.25,12,135.0,5.1788254,12.0,14
8428595,2016,1,4,4312,-14035,78,1031200,380,41694,12,1000,7.5,11.25,24,270.0,5.9565887,24.0,100
8428596,2016,1,4,2613,-14035,78,1031200,380,41694,12,1000,7.5,11.25,12,135.0,5.1788254,12.0,1
8428597,2016,1,4,3521,-14035,78,1031200,380,41694,12,1000,7.5,11.25,12,135.0,5.1788254,12.0,100
8428598,2016,1,4,3952,-12814,82,1031200,380,41694,12,1000,7.5,11.25,24,270.0,5.9565887,24.0,100
8428599,2016,1,4,3740,-14834,7,1031200,380,41694,12,1000,7.5,11.25,12,135.0,5.1788254,12.0,100
8428600,2016,1,4,2647,-13125,57,1031200,380,41694,12,1000,7.5,11.25,3,33.75,3.6583203999999996,3.0,7
8428601,2016,1,4,2512,-13296,52,1031200,380,41694,12,1000,7.5,11.25,24,270.0,5.9565887,24.0,100
8428602,2016,1,4,3773,-13135,57,1031200,380,41694,12,1000,7.5,11.25,12,135.0,5.1788254,12.0,100
8428603,2016,1,4,2633,-15216,77,1031200,380,41694,12,1000,7.5,11.25,24,270.0,5.9565887,24.0,100
8428604,2016,1,4,5070,-12758,70,1031200,380,41694,12,1000,7.5,11.25,2,22.5,3.2222682999999996,2.0,100
8428605,2016,1,4,5071,-12789,16,1031200,380,41694,12,1000,7.5,11.25,2,22.5,3.2222682999999996,2.0,100
8428606,2016,1,4,2670,-13295,52,1031200,380,41694,12,1000,7.5,11.25,12,135.0,5.1788254,12.0,100
8428607,2016,1,4,4166,-14888,10,1031200,380,41694,12,1000,7.5,11.25,2,22.5,3.2222682999999996,2.0,100
8428608,2016,1,4,2643,-14835,7,1031200,380,41694,12,1000,7.5,11.25,4,45.0,3.9700642,4.0,100
8428609,2016,1,4,2573,-12775,70,1031200,380,41694,12,1000,7.5,11.25,12,135.0,5.1788254,12.0,100
8428610,2016,1,4,3606,-14898,38,1031200,380,41694,12,1000,7.5,11.25,12,135.0,5.1788254,12.0,100
8428611,2016,1,4,3712,-15365,79,1031200,380,41694,12,1000,7.5,11.25,3,33.75,3.6583203999999996,3.0,100
8428612,2016,1,4,3910,-13209,92,1031200,380,41694,12,1000,7.5,11.25,12,135.0,5.1788254,12.0,100
8428613,2016,1,4,2539,-15410,42,1031200,380,41694,12,1000,7.5,11.25,12,135.0,5.1788254,12.0,100
8428614,2016,1,4,2560,-13234,57,1031200,380,41694,12,1000,7.5,11.25,6,67.5,4.412795,6.0,100
8428615,2016,1,4,2506,-12935,29,1031200,380,41694,12,1000,7.5,11.25,12,135.0,5.1788254,12.0,1044
8428616,2016,1,4,3465,-15320,39,1031200,380,41694,12,1000,7.5,11.25,4,45.0,3.9700642,4.0,100
8428617,2016,1,4,2558,-12895,44,1031200,380,41694,12,1000,7.5,11.25,12,135.0,5.1788254,12.0,100
8428618,2016,1,4,2191,-12904,56,1031200,380,41694,12,1000,7.5,11.25,12,135.0,5.1788254,12.0,100
8428619,2016,1,4,4673,-12880,56,1031200,380,41694,12,1000,7.5,11.25,12,135.0,5.1788254,12.0,100
8428620,2016,1,4,4740,-14035,78,1031200,380,41693,12,750,6.5,9.75,12,117.0,5.019722499999999,9.0,4405
8428621,2016,1,4,5022,-15271,77,1031200,380,41693,12,750,6.5,9.75,4,39.0,3.8147485,3.0,97
8428622,2016,1,4,2573,-12775,70,1012100,115,11773,48,200,1.56,2.34,12,28.08,3.4600425,2.4,100
8428623,2016,1,4,4897,-12935,29,1062310,259,43028,6,1750,11.55,17.33,6,103.98,4.88893,10.5,102
8428624,2016,1,4,4361,-15223,77,1012100,115,11773,48,200,1.56,2.34,8,18.72,3.0257456,1.6,100
8428625,2016,1,4,3899,-15270,77,1062200,35,43036,12,750,8.26,12.39,12,148.68,5.2864227,9.0,100
8428626,2016,1,4,2636,-15219,77,1062200,35,43036,12,750,8.26,12.39,12,148.68,5.2864227,9.0,100
8428627,2016,1,4,2459,-15421,39,1062200,35,43036,12,750,8.26,12.39,2,24.78,3.3257197999999994,1.5,100
8428628,2016,1,4,4580,-13183,92,1062200,35,43036,12,750,8.26,12.39,1,12.39,2.587644,0.75,100
8428629,2016,1,4,4250,-14909,42,1062200,35,43036,12,750,8.26,12.39,4,49.56,4.0751,3.0,882
8428630,2016,1,4,4619,-12909,56,1062200,35,43036,12,750,8.26,12.39,1,12.39,2.587644,0.75,100
8428631,2016,1,4,2569,-13134,57,1062200,35,43036,12,750,8.26,12.39,3,37.17,3.7626958,2.25,2
8428632,2016,1,4,2190,-15222,77,1062200,35,43035,12,750,8.26,12.39,3,37.17,3.7626958,2.25,100
8428633,2016,1,4,2569,-13134,57,1062200,35,43035,12,750,8.26,12.39,3,37.17,3.7626958,2.25,2
8428634,2016,1,4,4482,-15411,91,1062200,35,43034,24,375,4.5,6.75,4,27.0,3.4178638,1.5,929
8428635,2016,1,4,2648,-15271,77,1062200,35,43034,24,375,4.5,6.75,2,13.5,2.6783984,0.75,4
8428636,2016,1,4,2512,-13296,52,1062200,35,43034,24,375,4.5,6.75,2,13.5,2.6783984,0.75,100
8428637,2016,1,4,3918,-12734,82,1062200,35,43034,24,375,4.5,6.75,1,6.75,1.9500878000000001,0.38,100
8428638,2016,1,4,3563,-12775,70,1062200,35,43036,12,750,8.26,12.39,12,148.68,5.2864227,9.0,100
8428639,2016,1,4,2670,-13295,52,1062200,35,43034,24,375,4.5,6.75,3,20.25,3.109593,1.12,100
8428640,2016,1,4,4794,-12935,29,1062200,35,43034,24,375,4.5,6.75,3,20.25,3.109593,1.12,100
8428641,2016,1,4,4757,-15501,77,1062200,35,43034,24,375,4.5,6.75,1,6.75,1.9500878000000001,0.38,100
8428642,2016,1,4,4619,-12909,56,1062200,35,43034,24,375,4.5,6.75,3,20.25,3.109593,1.12,100
8428643,2016,1,4,4580,-13183,92,1062200,35,43034,24,375,4.5,6.75,2,13.5,2.6783984,0.75,100
8428644,2016,1,4,4644,-12733,82,1062200,35,43034,24,375,4.5,6.75,5,33.75,3.6583203999999996,1.88,588
8428645,2016,1,4,2532,-15219,77,1062200,35,43031,12,500,5.54,8.31,1,8.31,2.1673915,0.5,2
8428646,2016,1,4,2613,-14035,78,1062200,35,43031,12,500,5.54,8.31,2,16.62,2.8990302000000003,1.0,1
8428647,2016,1,4,2670,-13295,52,1062200,35,43031,12,500,5.54,8.31,1,8.31,2.1673915,0.5,100
8428648,2016,1,4,2601,-12980,51,1062200,35,43031,12,500,5.54,8.31,1,8.31,2.1673915,0.5,100
8428649,2016,1,4,4949,-12734,82,1062200,35,43031,12,500,5.54,8.31,1,8.31,2.1673915,0.5,100
8428650,2016,1,4,4995,-13999,83,1062200,35,43031,12,500,5.54,8.31,1,8.31,2.1673915,0.5,100
8428651,2016,1,4,4793,-12909,56,1012100,115,11771,10,600,6.8,10.2,8,81.6,4.6212873,4.8,100
8428652,2016,1,4,4984,-12775,70,1062200,35,43031,12,500,5.54,8.31,1,8.31,2.1673915,0.5,100
8428653,2016,1,4,3917,-12732,82,1062200,35,43034,24,375,4.5,6.75,3,20.25,3.109593,1.12,100
8428654,2016,1,4,3562,-12881,29,1062200,35,43036,12,750,8.26,12.39,12,148.68,5.2864227,9.0,100
8428655,2016,1,4,2539,-15410,42,1062200,35,43036,12,750,8.26,12.39,12,148.68,5.2864227,9.0,100
8428656,2016,1,4,4794,-12935,29,1062200,35,43036,12,750,8.26,12.39,12,148.68,5.2864227,9.0,100
8428657,2016,1,4,2560,-13234,57,1012100,115,11771,10,600,6.8,10.2,1,10.2,2.3825428,0.6,100
8428658,2016,1,4,3612,-13476,49,1012100,115,11771,10,600,6.8,10.2,1,10.2,2.3825428,0.6,100
8428659,2016,1,4,2498,-14930,33,1012100,115,11771,10,600,6.8,10.2,1,10.2,2.3825428,0.6,100
8428660,2016,1,4,5001,-14892,10,1012100,115,11771,10,600,6.8,10.2,1,10.2,2.3825428,0.6,100
8428661,2016,1,4,4806,-12760,70,1012100,115,11771,10,600,6.8,10.2,10,102.0,4.867647,6.0,100
8428662,2016,1,4,5070,-12758,70,1012100,115,11771,10,600,6.8,10.2,2,20.4,3.117477,1.2,100
8428663,2016,1,4,4845,-13135,57,1012100,115,11771,10,600,6.8,10.2,10,102.0,4.867647,6.0,100
8428664,2016,1,4,4967,-12810,82,1012100,115,11771,10,600,6.8,10.2,1,10.2,2.3825428,0.6,100
8428665,2016,1,4,4495,-14898,38,1012100,115,11771,10,600,6.8,10.2,2,20.4,3.117477,1.2,3055
8428666,2016,1,4,4995,-13999,83,1012100,115,11771,10,600,6.8,10.2,1,10.2,2.3825428,0.6,100
8428667,2016,1,4,4641,-15221,77,1012100,115,11771,10,600,6.8,10.2,2,20.4,3.117477,1.2,573
8428668,2016,1,4,2532,-15219,77,1062200,35,43036,12,750,8.26,12.39,12,148.68,5.2864227,9.0,2
8428669,2016,1,4,4696,-15270,77,1012100,115,11771,10,600,6.8,10.2,2,20.4,3.117477,1.2,517
8428670,2016,1,4,4698,-12980,51,1012100,115,11771,10,600,6.8,10.2,10,102.0,4.867647,6.0,100
8428671,2016,1,4,4373,-15270,77,1012100,115,11771,10,600,6.8,10.2,6,61.2,4.3054485,3.6,74
8428672,2016,1,4,2613,-14035,78,1012100,115,11771,10,600,6.8,10.2,1,10.2,2.3825428,0.6,1
8428673,2016,1,4,4313,-15514,15,1062200,35,43036,12,750,8.26,12.39,12,148.68,5.2864227,9.0,940
8428674,2016,1,4,2532,-15219,77,1012100,115,11771,10,600,6.8,10.2,2,20.4,3.117477,1.2,2
8428675,2016,1,4,2647,-13125,57,1012100,115,11771,10,600,6.8,10.2,1,10.2,2.3825428,0.6,7
8428676,2016,1,4,2588,-13133,57,1012100,115,11771,10,600,6.8,10.2,2,20.4,3.117477,1.2,6
8428677,2016,1,4,2590,-13134,57,1012100,115,11771,10,600,6.8,10.2,1,10.2,2.3825428,0.6,5
8428678,2016,1,4,2535,-15271,77,1012100,115,11771,10,600,6.8,10.2,3,30.6,3.5525932,1.8,1
8428679,2016,1,4,4819,-15527,77,1012100,115,11771,10,600,6.8,10.2,1,10.2,2.3825428,0.6,100
8428680,2016,1,4,3400,-15219,77,1012100,115,11771,10,600,6.8,10.2,10,102.0,4.867647,6.0,100
8428681,2016,1,4,2538,-14834,7,1062200,35,43036,12,750,8.26,12.39,3,37.17,3.7626958,2.25,3
8428682,2016,1,4,4152,-13981,43,1062200,35,43036,12,750,8.26,12.39,1,12.39,2.587644,0.75,100
8428683,2016,1,4,4189,-13479,28,1062200,35,43036,12,750,8.26,12.39,2,24.78,3.3257197999999994,1.5,594
8428684,2016,1,4,2190,-15222,77,1062200,35,43036,12,750,8.26,12.39,3,37.17,3.7626958,2.25,100
8428685,2016,1,4,4138,-15411,91,1062200,35,43036,12,750,8.26,12.39,12,148.68,5.2864227,9.0,657
8428686,2016,1,4,4644,-12733,82,1062200,35,43031,12,500,5.54,8.31,5,41.55,3.8834305000000002,2.5,588
8428687,2016,1,4,4424,-12935,29,1062200,35,43031,12,500,5.54,8.31,12,99.72,4.8426337,6.0,6601
8428688,2016,1,4,4401,-13234,57,1062310,259,43028,6,1750,11.55,17.33,6,103.98,4.88893,10.5,503
8428689,2016,1,4,5094,-13135,57,1062310,259,43028,6,1750,11.55,17.33,6,103.98,4.88893,10.5,2778
8428690,2016,1,4,3563,-12775,70,1062310,259,43028,6,1750,11.55,17.33,6,103.98,4.88893,10.5,100
8428691,2016,1,4,3868,-13234,57,1062310,259,43028,6,1750,11.55,17.33,18,311.94,6.120097,31.5,100
8428692,2016,1,4,4984,-12775,70,1062310,259,43028,6,1750,11.55,17.33,6,103.98,4.88893,10.5,100
8428693,2016,1,4,2507,-12935,29,1062310,259,43028,6,1750,11.55,17.33,12,207.96,5.662253,21.0,1
8428694,2016,1,4,4098,-13183,92,1062310,259,43028,6,1750,11.55,17.33,6,103.98,4.88893,10.5,100
8428695,2016,1,4,3624,-15328,50,1062310,259,43028,6,1750,11.55,17.33,6,103.98,4.88893,10.5,100
8428696,2016,1,4,3934,-13476,49,1062310,259,43028,6,1750,11.55,17.33,6,103.98,4.88893,10.5,100
8428697,2016,1,4,3651,-15411,91,1062310,259,43028,6,1750,11.55,17.33,6,103.98,4.88893,10.5,100
8428698,2016,1,4,5198,-12733,82,1062310,259,43028,6,1750,11.55,17.33,2,34.66,3.6870692000000003,3.5,100
8428699,2016,1,4,2560,-13234,57,1062310,259,43028,6,1750,11.55,17.33,6,103.98,4.88893,10.5,100
8428700,2016,1,4,4016,-14915,38,1062310,259,43028,6,1750,11.55,17.33,6,103.98,4.88893,10.5,100
8428701,2016,1,4,2506,-12935,29,1062310,259,43028,6,1750,11.55,17.33,6,103.98,4.88893,10.5,1044
8428702,2016,1,4,2191,-12904,56,1062310,259,43028,6,1750,11.55,17.33,6,103.98,4.88893,10.5,100
8428703,2016,1,4,2630,-15270,77,1062310,259,43028,6,1750,11.55,17.33,6,103.98,4.88893,10.5,2
8428704,2016,1,4,2569,-13134,57,1062310,259,43028,6,1750,11.55,17.33,6,103.98,4.88893,10.5,2
8428705,2016,1,4,4718,-15270,77,1062310,259,43028,6,1750,11.55,17.33,6,103.98,4.88893,10.5,6623
8428706,2016,1,4,4684,-15411,91,1062310,259,43028,6,1750,11.55,17.33,6,103.98,4.88893,10.5,928
8428707,2016,1,4,4746,-12775,70,1062310,259,43028,6,1750,11.55,17.33,6,103.98,4.88893,10.5,5885
8428708,2016,1,4,3494,-14834,7,1062310,259,43028,6,1750,11.55,17.33,6,103.98,4.88893,10.5,100
8428709,2016,1,4,4379,-15270,77,1062310,259,43028,6,1750,11.55,17.33,6,103.98,4.88893,10.5,100
8428710,2016,1,4,4605,-13234,57,1062310,259,43028,6,1750,11.55,17.33,2,34.66,3.6870692000000003,3.5,509
8428711,2016,1,4,4130,-12971,89,1062310,259,43028,6,1750,11.55,17.33,6,103.98,4.88893,10.5,100
8428712,2016,1,4,4621,-15375,85,1062310,259,43028,6,1750,11.55,17.33,6,103.98,4.88893,10.5,23
8428713,2016,1,4,2605,-13134,57,1062310,259,43027,12,1000,7.28,10.92,4,43.68,3.9377105,4.0,5
8428714,2016,1,4,3773,-13135,57,1062310,259,43027,12,1000,7.28,10.92,12,131.04,5.145683,12.0,100
8428715,2016,1,4,4773,-15271,77,1062310,259,43027,12,1000,7.28,10.92,4,43.68,3.9377105,4.0,100
8428716,2016,1,4,4166,-14888,10,1062310,259,43027,12,1000,7.28,10.92,1,10.92,2.4543686,1.0,100
8428717,2016,1,4,4267,-15516,15,1062310,259,43027,12,1000,7.28,10.92,4,43.68,3.9377105,4.0,100
8428718,2016,1,4,3162,-12775,70,1062310,259,43027,12,1000,7.28,10.92,12,131.04,5.145683,12.0,100
8428719,2016,1,4,3562,-12881,29,1062310,259,43028,6,1750,11.55,17.33,6,103.98,4.88893,10.5,100
8428720,2016,1,4,4455,-14909,42,1012100,115,11771,10,600,6.8,10.2,1,10.2,2.3825428,0.6,1959
8428721,2016,1,4,3644,-15527,77,1062310,259,43028,6,1750,11.55,17.33,12,207.96,5.662253,21.0,100
8428722,2016,1,4,3886,-13331,53,1062310,259,43028,6,1750,11.55,17.33,24,415.92,6.447421,42.0,100
8428723,2016,1,4,2448,-15411,91,1062310,259,43028,6,1750,11.55,17.33,6,103.98,4.88893,10.5,100
8428724,2016,1,4,2613,-14035,78,1062310,259,43028,6,1750,11.55,17.33,6,103.98,4.88893,10.5,1
8428725,2016,1,4,2532,-15219,77,1062310,259,43028,6,1750,11.55,17.33,6,103.98,4.88893,10.5,2
8428726,2016,1,4,4753,-15534,1,1012100,115,11771,10,600,6.8,10.2,2,20.4,3.117477,1.2,2521
8428727,2016,1,4,2549,-15411,91,1062310,259,43028,6,1750,11.55,17.33,12,207.96,5.662253,21.0,100
8428728,2016,1,4,2521,-15271,77,1062310,259,43028,6,1750,11.55,17.33,6,103.98,4.88893,10.5,100
8428729,2016,1,4,4967,-12810,82,1062310,259,43028,6,1750,11.55,17.33,2,34.66,3.6870692000000003,3.5,100
8428730,2016,1,4,5070,-12758,70,1062310,259,43028,6,1750,11.55,17.33,2,34.66,3.6870692000000003,3.5,100
8428731,2016,1,4,4000,-13957,43,1062310,259,43028,6,1750,11.55,17.33,4,69.32,4.441984,7.0,100
8428732,2016,1,4,2584,-12909,56,1062310,259,43028,6,1750,11.55,17.33,6,103.98,4.88893,10.5,100
8428733,2016,1,4,2554,-12734,82,1062310,259,43028,6,1750,11.55,17.33,6,103.98,4.88893,10.5,100
8428734,2016,1,4,4950,-13133,57,1062310,259,43028,6,1750,11.55,17.33,6,103.98,4.88893,10.5,514
8428735,2016,1,4,5071,-12789,16,1062310,259,43028,6,1750,11.55,17.33,3,51.99,4.1272726,5.25,100
8428736,2016,1,4,4604,-15328,50,1062310,259,43028,6,1750,11.55,17.33,2,34.66,3.6870692000000003,3.5,100
8428737,2016,1,4,4617,-15219,77,1062310,259,43028,6,1750,11.55,17.33,1,17.33,2.9435425,1.75,100
8428738,2016,1,4,4229,-13999,83,1062310,259,43028,6,1750,11.55,17.33,6,103.98,4.88893,10.5,790
8428739,2016,1,4,4306,-15095,35,1062310,259,43028,6,1750,11.55,17.33,2,34.66,3.6870692000000003,3.5,100
8428740,2016,1,4,2618,-13134,57,1062310,259,43028,6,1750,11.55,17.33,6,103.98,4.88893,10.5,6
8428741,2016,1,4,3908,-12909,56,1062310,259,43028,6,1750,11.55,17.33,6,103.98,4.88893,10.5,214
8428742,2016,1,4,3747,-12945,54,1062310,259,43028,6,1750,11.55,17.33,6,103.98,4.88893,10.5,100
8428743,2016,1,4,3612,-13476,49,1062310,259,43028,6,1750,11.55,17.33,2,34.66,3.6870692000000003,3.5,100
8428744,2016,1,4,3829,-13222,57,1062310,259,43028,6,1750,11.55,17.33,6,103.98,4.88893,10.5,100
8428745,2016,1,4,4473,-15320,39,1062310,259,43028,6,1750,11.55,17.33,12,207.96,5.662253,21.0,92
8428746,2016,1,4,4021,-12980,51,1062310,259,43028,6,1750,11.55,17.33,6,103.98,4.88893,10.5,100
8428747,2016,1,4,4019,-13479,28,1062310,259,43028,6,1750,11.55,17.33,6,103.98,4.88893,10.5,100
8428748,2016,1,4,3833,-15514,15,1062310,259,43028,6,1750,11.55,17.33,6,103.98,4.88893,10.5,100
8428749,2016,1,4,5077,-14035,78,1062310,259,43028,6,1750,11.55,17.33,6,103.98,4.88893,10.5,100
8428750,2016,1,4,3628,-13134,57,1062310,259,43028,6,1750,11.55,17.33,12,207.96,5.662253,21.0,100
8428751,2016,1,4,3811,-12904,56,1062310,259,43028,6,1750,11.55,17.33,6,103.98,4.88893,10.5,100
8428752,2016,1,4,3618,-13132,57,1062310,259,43028,6,1750,11.55,17.33,18,311.94,6.120097,31.5,100
8428753,2016,1,4,5091,-12775,70,1012100,115,11771,10,600,6.8,10.2,1,10.2,2.3825428,0.6,436
8428754,2016,1,4,4970,-12760,70,1012100,115,11771,10,600,6.8,10.2,1,10.2,2.3825428,0.6,100
8428755,2016,1,4,4424,-12935,29,1012100,115,11771,10,600,6.8,10.2,10,102.0,4.867647,6.0,6601
8428756,2016,1,4,2590,-13134,57,1062200,35,43121,12,500,5.54,8.31,1,8.31,2.1673915,0.5,5
8428757,2016,1,4,2588,-13133,57,1062200,35,43121,12,500,5.54,8.31,1,8.31,2.1673915,0.5,6
8428758,2016,1,4,2648,-15271,77,1062200,35,43121,12,500,5.54,8.31,1,8.31,2.1673915,0.5,4
8428759,2016,1,4,2532,-15219,77,1062200,35,43121,12,500,5.54,8.31,1,8.31,2.1673915,0.5,2
8428760,2016,1,4,4654,-15286,1,1062200,35,43121,12,500,5.54,8.31,1,8.31,2.1673915,0.5,510
8428761,2016,1,4,5087,-13990,43,1062200,35,43121,12,500,5.54,8.31,2,16.62,2.8990302000000003,1.0,100
8428762,2016,1,4,5070,-12758,70,1062200,35,43121,12,500,5.54,8.31,1,8.31,2.1673915,0.5,100
8428763,2016,1,4,2601,-12980,51,1062200,35,43121,12,500,5.54,8.31,1,8.31,2.1673915,0.5,100
8428764,2016,1,4,4927,-15271,77,1062200,35,43121,12,500,5.54,8.31,1,8.31,2.1673915,0.5,576
8428765,2016,1,4,4995,-13999,83,1062200,35,43121,12,500,5.54,8.31,1,8.31,2.1673915,0.5,100
8428766,2016,1,4,4641,-15221,77,1062200,35,43121,12,500,5.54,8.31,3,24.93,3.3321955,1.5,573
8428767,2016,1,4,2643,-14835,7,1062200,35,43121,12,500,5.54,8.31,1,8.31,2.1673915,0.5,100
8428768,2016,1,4,3907,-12775,70,1062200,35,43121,12,500,5.54,8.31,1,8.31,2.1673915,0.5,100
8428769,2016,1,4,5163,-12895,44,1062200,35,43121,12,500,5.54,8.31,12,99.72,4.8426337,6.0,100
8428770,2016,1,4,2498,-14930,33,1062200,35,43121,12,500,5.54,8.31,1,8.31,2.1673915,0.5,100
8428771,2016,1,4,3612,-13476,49,1062200,35,43121,12,500,5.54,8.31,1,8.31,2.1673915,0.5,100
8428772,2016,1,4,2460,-15095,100,1062200,35,43121,12,500,5.54,8.31,1,8.31,2.1673915,0.5,100
8428773,2016,1,4,2591,-15514,15,1062200,35,43121,12,500,5.54,8.31,1,8.31,2.1673915,0.5,100
8428774,2016,1,4,4933,-12935,29,1062200,35,43121,12,500,5.54,8.31,24,199.44,5.6152477,12.0,100
8428775,2016,1,4,2527,-15221,77,1062200,35,43121,12,500,5.54,8.31,1,8.31,2.1673915,0.5,5
8428776,2016,1,4,4424,-12935,29,1062200,35,43121,12,500,5.54,8.31,12,99.72,4.8426337,6.0,6601
8428777,2016,1,4,4644,-12733,82,1062200,35,43121,12,500,5.54,8.31,2,16.62,2.8990302000000003,1.0,588
8428778,2016,1,4,5091,-12775,70,1062200,35,43121,12,500,5.54,8.31,2,16.62,2.8990302000000003,1.0,436
8428779,2016,1,4,3679,-13377,22,1062200,35,43120,6,1750,15.0,22.5,6,135.0,5.1788254,10.5,100
8428780,2016,1,4,5001,-14892,10,1062200,35,43120,6,1750,15.0,22.5,2,45.0,3.9700642,3.5,100
8428781,2016,1,4,2191,-12904,56,1062200,35,43120,6,1750,15.0,22.5,12,270.0,5.9565887,21.0,100
8428782,2016,1,4,4829,-15222,77,1062300,35,43117,12,1000,9.5,14.25,36,513.0,6.687416000000001,36.0,100
8428783,2016,1,4,2633,-15216,77,1062300,35,43117,12,1000,9.5,14.25,12,171.0,5.4427443,12.0,100
8428784,2016,1,4,2512,-13296,52,1062300,35,43117,12,1000,9.5,14.25,12,171.0,5.4427443,12.0,100
8428785,2016,1,4,5057,-15219,77,1062200,35,43121,12,500,5.54,8.31,6,49.86,4.081675,3.0,535
8428786,2016,1,4,3679,-13377,22,1062300,35,43117,12,1000,9.5,14.25,2,28.5,3.4760182,2.0,100
8428787,2016,1,4,2560,-13234,57,1062200,35,43123,48,200,2.5,3.75,6,22.5,3.2222682999999996,1.2,100
8428788,2016,1,4,2506,-12935,29,1062200,35,43123,48,200,2.5,3.75,10,37.5,3.7722652,2.0,1044
8428789,2016,1,4,4373,-15270,77,1062200,35,43124,24,375,4.5,6.75,3,20.25,3.109593,1.12,74
8428790,2016,1,4,4312,-14035,78,1062200,35,43124,24,375,4.5,6.75,4,27.0,3.4178638,1.5,100
8428791,2016,1,4,2588,-13133,57,1031200,259,41316,12,750,3.82,6.06,3,18.18,2.994543,2.25,6
8428792,2016,1,4,4152,-13981,43,1062200,35,43124,24,375,4.5,6.75,4,27.0,3.4178638,1.5,100
8428793,2016,1,4,4927,-15271,77,1062200,35,43124,24,375,4.5,6.75,3,20.25,3.109593,1.12,576
8428794,2016,1,4,4578,-12910,89,1062200,35,43124,24,375,4.5,6.75,6,40.5,3.855663,2.25,2592
8428795,2016,1,4,2190,-15222,77,1062200,35,43124,24,375,4.5,6.75,3,20.25,3.109593,1.12,100
8428796,2016,1,4,4641,-15221,77,1062200,35,43124,24,375,4.5,6.75,3,20.25,3.109593,1.12,573
8428797,2016,1,4,4696,-15270,77,1062200,35,43124,24,375,4.5,6.75,2,13.5,2.6783984,0.75,517
8428798,2016,1,4,4876,-13303,57,1062200,35,43124,24,375,4.5,6.75,24,162.0,5.382259400000001,9.0,100
8428799,2016,1,4,2662,-12775,70,1062200,35,43124,24,375,4.5,6.75,3,20.25,3.109593,1.12,100
8428800,2016,1,4,4794,-12935,29,1062200,35,43124,24,375,4.5,6.75,3,20.25,3.109593,1.12,100
8428801,2016,1,4,5091,-12775,70,1062200,35,43124,24,375,4.5,6.75,3,20.25,3.109593,1.12,436
8428802,2016,1,4,4379,-15270,77,1062200,35,43124,24,375,4.5,6.75,6,40.5,3.855663,2.25,100
8428803,2016,1,4,4596,-15219,77,1062200,35,43124,24,375,4.5,6.75,6,40.5,3.855663,2.25,534
8428804,2016,1,4,4644,-12733,82,1062200,35,43124,24,375,4.5,6.75,5,33.75,3.6583203999999996,1.88,588
8428805,2016,1,4,4312,-14035,78,1062200,35,43123,48,200,2.5,3.75,3,11.25,2.4857533,0.6,100
8428806,2016,1,4,4773,-15271,77,1062200,35,43123,48,200,2.5,3.75,2,7.5,2.0600810000000003,0.4,100
8428807,2016,1,4,4696,-15270,77,1062200,35,43123,48,200,2.5,3.75,8,30.0,3.5312523999999996,1.6,517
8428808,2016,1,4,2584,-12909,56,1062200,35,43123,48,200,2.5,3.75,2,7.5,2.0600810000000003,0.4,100
8428809,2016,1,4,2643,-14835,7,1062200,35,43123,48,200,2.5,3.75,2,7.5,2.0600810000000003,0.4,100
8428810,2016,1,4,3907,-12775,70,1062200,35,43123,48,200,2.5,3.75,4,15.0,2.7900763,0.8,100
8428811,2016,1,4,2190,-15222,77,1062200,35,43123,48,200,2.5,3.75,6,22.5,3.2222682999999996,1.2,100
8428812,2016,1,4,4995,-13999,83,1062200,35,43123,48,200,2.5,3.75,3,11.25,2.4857533,0.6,100
8428813,2016,1,4,2538,-14834,7,1062200,35,43123,48,200,2.5,3.75,2,7.5,2.0600810000000003,0.4,3
8428814,2016,1,4,3917,-12732,82,1062200,35,43123,48,200,2.5,3.75,5,18.75,3.0274532,1.0,100
8428815,2016,1,4,4794,-12935,29,1062200,35,43123,48,200,2.5,3.75,2,7.5,2.0600810000000003,0.4,100
8428816,2016,1,4,2591,-15514,15,1062200,35,43123,48,200,2.5,3.75,4,15.0,2.7900763,0.8,100
8428817,2016,1,4,3805,-13452,82,1062200,35,43123,48,200,2.5,3.75,48,180.0,5.500192,9.6,100
8428818,2016,1,4,4892,-12734,82,1062200,35,43123,48,200,2.5,3.75,1,3.75,1.3410981000000002,0.2,100
8428819,2016,1,4,2498,-14930,33,1062310,259,43027,12,1000,7.28,10.92,3,32.76,3.6261702000000007,3.0,100
8428820,2016,1,4,2648,-15271,77,1062200,35,43112,6,1750,15.0,22.5,6,135.0,5.1788254,10.5,4
8428821,2016,1,4,4312,-14035,78,1062200,35,43109,12,750,8.0,12.0,12,144.0,5.2507443,9.0,100
8428822,2016,1,4,4421,-15095,35,1062300,35,43051,12,750,8.26,12.39,12,148.68,5.2864227,9.0,1
8428823,2016,1,4,2448,-15411,91,1062300,35,43050,12,1000,9.5,14.25,1,14.25,2.735675,1.0,100
8428824,2016,1,4,4829,-15222,77,1062300,35,43050,12,1000,9.5,14.25,24,342.0,6.22455,24.0,100
8428825,2016,1,4,2633,-15216,77,1062300,35,43050,12,1000,9.5,14.25,24,342.0,6.22455,24.0,100
8428826,2016,1,4,2448,-15411,91,1062200,35,43038,6,1750,15.0,22.5,1,22.5,3.2222682999999996,1.75,100
8428827,2016,1,4,2662,-12775,70,1062200,35,43038,6,1750,15.0,22.5,2,45.0,3.9700642,3.5,100
8428828,2016,1,4,3679,-13377,22,1062200,35,43038,6,1750,15.0,22.5,1,22.5,3.2222682999999996,1.75,100
8428829,2016,1,4,2506,-12935,29,1062200,35,43038,6,1750,15.0,22.5,6,135.0,5.1788254,10.5,1044
8428830,2016,1,4,5077,-14035,78,1062200,35,43038,6,1750,15.0,22.5,6,135.0,5.1788254,10.5,100
8428831,2016,1,4,3562,-12881,29,1062200,35,43038,6,1750,15.0,22.5,6,135.0,5.1788254,10.5,100
8428832,2016,1,4,2539,-15410,42,1062200,35,43038,6,1750,15.0,22.5,1,22.5,3.2222682999999996,1.75,100
8428833,2016,1,4,2448,-15411,91,1062200,35,43037,12,1000,9.5,14.25,3,42.75,3.9143364000000003,3.0,100
8428834,2016,1,4,2588,-13133,57,1062200,35,43037,12,1000,9.5,14.25,3,42.75,3.9143364000000003,3.0,6
8428835,2016,1,4,4773,-15271,77,1062200,35,43037,12,1000,9.5,14.25,4,57.0,4.227700700000001,4.0,100
8428836,2016,1,4,4152,-13981,43,1062200,35,43037,12,1000,9.5,14.25,1,14.25,2.735675,1.0,100
8428837,2016,1,4,3910,-13209,92,1062200,35,43037,12,1000,9.5,14.25,6,85.5,4.6727324,6.0,100
8428838,2016,1,4,4673,-12880,56,1062200,35,43037,12,1000,9.5,14.25,2,28.5,3.4760182,2.0,100
8428839,2016,1,4,2191,-12904,56,1062200,35,43037,12,1000,9.5,14.25,3,42.75,3.9143364000000003,3.0,100
8428840,2016,1,4,2630,-15270,77,1012100,115,11588,6,1750,12.99,19.49,12,233.88,5.7944713,21.0,2
8428841,2016,1,4,4856,-13283,57,1012100,115,11588,6,1750,12.99,19.49,6,116.94,5.019153,10.5,100
8428842,2016,1,4,5001,-14892,10,1012100,115,11588,6,1750,12.99,19.49,2,38.98,3.8141928,3.5,100
8428843,2016,1,4,2591,-15514,15,1012100,115,11588,6,1750,12.99,19.49,6,116.94,5.019153,10.5,100
8428844,2016,1,4,5173,-15511,5,1012100,115,11588,6,1750,12.99,19.49,2,38.98,3.8141928,3.5,100
8428845,2016,1,4,2460,-15095,100,1012100,115,11588,6,1750,12.99,19.49,6,116.94,5.019153,10.5,100
8428846,2016,1,4,2573,-12775,70,1012100,115,11588,6,1750,12.99,19.49,6,116.94,5.019153,10.5,100
8428847,2016,1,4,4303,-12899,29,1012100,115,11771,10,600,6.8,10.2,10,102.0,4.867647,6.0,100
8428848,2016,1,4,4307,7122,100,1062310,260,43337,12,1000,11.75,17.63,12,211.56,5.6815505,12.0,100
8428849,2016,1,4,4580,-13183,92,1012100,115,11771,10,600,6.8,10.2,1,10.2,2.3825428,0.6,100
8428850,2016,1,4,4636,-13134,57,1012100,115,11771,10,600,6.8,10.2,6,61.2,4.3054485,3.6,561
8428851,2016,1,4,2527,-15221,77,1062300,35,43051,12,750,8.26,12.39,2,24.78,3.3257197999999994,1.5,5
8428852,2016,1,4,2841,-13133,57,1062200,35,43112,6,1750,15.0,22.5,6,135.0,5.1788254,10.5,8532
8428853,2016,1,4,4222,-14829,7,1062300,35,43051,12,750,8.26,12.39,2,24.78,3.3257197999999994,1.5,100
8428854,2016,1,4,3612,-13476,49,1062300,35,43051,12,750,8.26,12.39,1,12.39,2.587644,0.75,100
8428855,2016,1,4,4604,-15328,50,1062200,35,43109,12,750,8.0,12.0,1,12.0,2.553858,0.75,100
8428856,2016,1,4,2636,-15219,77,1062200,35,43109,12,750,8.0,12.0,12,144.0,5.2507443,9.0,100
8428857,2016,1,4,2527,-15221,77,1062200,35,43109,12,750,8.0,12.0,2,24.0,3.2914162000000005,1.5,5
8428858,2016,1,4,3563,-12775,70,1062200,35,43109,12,750,8.0,12.0,12,144.0,5.2507443,9.0,100
8428859,2016,1,4,4067,-13180,90,1062200,35,43109,12,750,8.0,12.0,1,12.0,2.553858,0.75,100
8428860,2016,1,4,2517,-15328,50,1062200,35,43109,12,750,8.0,12.0,3,36.0,3.7280860000000002,2.25,1
8428861,2016,1,4,2558,-12895,44,1062200,35,43109,12,750,8.0,12.0,6,72.0,4.4836290000000005,4.5,100
8428862,2016,1,4,4633,-14026,78,1062300,35,43095,12,750,8.5,12.75,1,12.75,2.6179206,0.75,520
8428863,2016,1,4,2633,-15216,77,1062300,35,43095,12,750,8.5,12.75,12,153.0,5.3183947,9.0,100
8428864,2016,1,4,2650,-13999,83,1062300,259,43077,12,1000,7.28,10.92,3,32.76,3.6261702000000007,3.0,100
8428865,2016,1,4,3773,-13135,57,1062300,259,43077,12,1000,7.28,10.92,12,131.04,5.145683,12.0,100
8428866,2016,1,4,2460,-15095,100,1062300,259,43077,12,1000,7.28,10.92,3,32.76,3.6261702000000007,3.0,100
8428867,2016,1,4,2648,-15271,77,1062300,259,43076,12,750,5.78,8.67,2,17.34,2.9441564,1.5,4
8428868,2016,1,4,3162,-12775,70,1062300,259,43076,12,750,5.78,8.67,3,26.01,3.3777246,2.25,100
8428869,2016,1,4,3747,-12945,54,1062300,259,43076,12,750,5.78,8.67,2,17.34,2.9441564,1.5,100
8428870,2016,1,4,3612,-13476,49,1062300,259,43076,12,750,5.78,8.67,12,104.04,4.8895683,9.0,100
8428871,2016,1,4,2507,-12935,29,1062300,259,43076,12,750,5.78,8.67,12,104.04,4.8895683,9.0,1
8428872,2016,1,4,4883,-12945,54,1062300,259,43076,12,750,5.78,8.67,4,34.68,3.6876926,3.0,100
8428873,2016,1,4,5094,-13135,57,1062310,259,43073,12,750,7.47,11.21,12,134.52,5.1748595,9.0,2778
8428874,2016,1,4,5018,-12734,82,1062310,259,43073,12,750,7.47,11.21,2,22.42,3.2184548,1.5,100
8428875,2016,1,4,4223,-14829,7,1062310,259,43073,12,750,7.47,11.21,6,67.26,4.408889,4.5,100
8428876,2016,1,4,2506,-12935,29,1062300,35,43066,12,750,8.26,12.39,12,148.68,5.2864227,9.0,1044
8428877,2016,1,4,2605,-13134,57,1062300,35,43051,12,750,8.26,12.39,4,49.56,4.0751,3.0,5
8428878,2016,1,4,2588,-13133,57,1062300,35,43051,12,750,8.26,12.39,3,37.17,3.7626958,2.25,6
8428879,2016,1,4,4312,-14035,78,1062300,35,43051,12,750,8.26,12.39,1,12.39,2.587644,0.75,100
8428880,2016,1,4,2532,-15219,77,1062300,35,43051,12,750,8.26,12.39,12,148.68,5.2864227,9.0,2
8428881,2016,1,4,3773,-13135,57,1062300,35,43051,12,750,8.26,12.39,12,148.68,5.2864227,9.0,100
8428882,2016,1,4,3871,-15270,77,1062300,35,43051,12,750,8.26,12.39,12,148.68,5.2864227,9.0,100
8428883,2016,1,4,4950,-13133,57,1062300,35,43051,12,750,8.26,12.39,12,148.68,5.2864227,9.0,514
8428884,2016,1,4,2528,-15221,77,1062300,35,43051,12,750,8.26,12.39,12,148.68,5.2864227,9.0,3
8428885,2016,1,4,2670,-13295,52,1062300,370,42703,12,750,7.49,11.24,12,134.88,5.1778355000000005,9.0,100
8428886,2016,1,4,4283,-13234,57,1062310,259,43027,12,1000,7.28,10.92,12,131.04,5.145683,12.0,100
8428887,2016,1,4,2560,-13234,57,1062310,259,43027,12,1000,7.28,10.92,6,65.52,4.380152,6.0,100
8428888,2016,1,4,2648,-15271,77,1062300,370,42716,12,750,7.49,11.24,12,134.88,5.1778355000000005,9.0,4
8428889,2016,1,4,2521,-15271,77,1062300,370,42716,12,750,7.49,11.24,12,134.88,5.1778355000000005,9.0,100
8428890,2016,1,4,2532,-15219,77,1062300,370,42716,12,750,7.49,11.24,12,134.88,5.1778355000000005,9.0,2
8428891,2016,1,4,4000,-13957,43,1062300,370,42716,12,750,7.49,11.24,3,33.72,3.6573597999999996,2.25,100
8428892,2016,1,4,4495,-14898,38,1062300,370,42716,12,750,7.49,11.24,3,33.72,3.6573597999999996,2.25,3055
8428893,2016,1,4,2601,-12980,51,1062300,370,42716,12,750,7.49,11.24,12,134.88,5.1778355000000005,9.0,100
8428894,2016,1,4,4189,-13479,28,1062300,370,42716,12,750,7.49,11.24,60,674.4,7.0020226999999995,45.0,594
8428895,2016,1,4,2584,-12909,56,1062300,370,42716,12,750,7.49,11.24,6,67.44,4.41182,4.5,100
8428896,2016,1,4,2670,-13295,52,1062300,370,42716,12,750,7.49,11.24,24,269.76,5.9555836,18.0,100
8428897,2016,1,4,4152,-13981,43,1062300,370,42716,12,750,7.49,11.24,3,33.72,3.6573597999999996,2.25,100
8428898,2016,1,4,2554,-12734,82,1062300,370,42716,12,750,7.49,11.24,12,134.88,5.1778355000000005,9.0,100
8428899,2016,1,4,2538,-14834,7,1062300,370,42716,12,750,7.49,11.24,12,134.88,5.1778355000000005,9.0,3
8428900,2016,1,4,3917,-12732,82,1062300,370,42716,12,750,7.49,11.24,12,134.88,5.1778355000000005,9.0,100
8428901,2016,1,4,2512,-13296,52,1062300,370,42716,12,750,7.49,11.24,12,134.88,5.1778355000000005,9.0,100
8428902,2016,1,4,4473,-15320,39,1062300,370,42716,12,750,7.49,11.24,12,134.88,5.1778355000000005,9.0,92
8428903,2016,1,4,4184,-12775,70,1062300,370,42716,12,750,7.49,11.24,12,134.88,5.1778355000000005,9.0,998
8428904,2016,1,4,2653,-13183,92,1062300,370,42716,12,750,7.49,11.24,6,67.44,4.41182,4.5,100
8428905,2016,1,4,3829,-13222,57,1062300,370,42716,12,750,7.49,11.24,5,56.2,4.212258,3.75,100
8428906,2016,1,4,2628,-14909,42,1062300,370,42716,12,750,7.49,11.24,12,134.88,5.1778355000000005,9.0,100
8428907,2016,1,4,4757,-15501,77,1062300,370,42716,12,750,7.49,11.24,1,11.24,2.4848156,0.75,100
8428908,2016,1,4,2460,-15095,100,1062300,370,42716,12,750,7.49,11.24,12,134.88,5.1778355000000005,9.0,100
8428909,2016,1,4,5173,-15511,5,1062300,370,42716,12,750,7.49,11.24,2,22.48,3.221316,1.5,100
8428910,2016,1,4,2190,-15222,77,1062300,370,42716,12,750,7.49,11.24,2,22.48,3.221316,1.5,100
8428911,2016,1,4,5001,-14892,10,1062300,370,42716,12,750,7.49,11.24,2,22.48,3.221316,1.5,100
8428912,2016,1,4,4604,-15328,50,1062300,370,42716,12,750,7.49,11.24,2,22.48,3.221316,1.5,100
8428913,2016,1,4,5018,-12734,82,1062300,370,42716,12,750,7.49,11.24,3,33.72,3.6573597999999996,2.25,100
8428914,2016,1,4,3910,-13209,92,1062300,370,42716,12,750,7.49,11.24,12,134.88,5.1778355000000005,9.0,100
8428915,2016,1,4,2507,-12935,29,1062300,370,42716,12,750,7.49,11.24,12,134.88,5.1778355000000005,9.0,1
8428916,2016,1,4,4972,-13377,22,1062300,370,42716,12,750,7.49,11.24,3,33.72,3.6573597999999996,2.25,100
8428917,2016,1,4,2549,-15411,91,1062300,370,42716,12,750,7.49,11.24,36,404.64,6.4160476,27.0,100
8428918,2016,1,4,2590,-13134,57,1062300,370,42716,12,750,7.49,11.24,12,134.88,5.1778355000000005,9.0,5
8428919,2016,1,4,3838,-12814,48,1062300,370,42716,12,750,7.49,11.24,12,134.88,5.1778355000000005,9.0,100
8428920,2016,1,4,3773,-13135,57,1062300,370,42717,12,1000,10.49,15.74,24,377.76,6.337696599999999,24.0,100
8428921,2016,1,4,2512,-13296,52,1062300,370,42717,12,1000,10.49,15.74,36,566.64,6.801573299999999,36.0,100
8428922,2016,1,4,2549,-15411,91,1062300,370,42717,12,1000,10.49,15.74,12,188.88,5.554183999999999,12.0,100
8428923,2016,1,4,5071,-12789,16,1062300,370,42717,12,1000,10.49,15.74,2,31.48,3.583164,2.0,100
8428924,2016,1,4,4166,-14888,10,1062300,370,42717,12,1000,10.49,15.74,2,31.48,3.583164,2.0,100
8428925,2016,1,4,2584,-12909,56,1062300,370,42717,12,1000,10.49,15.74,12,188.88,5.554183999999999,12.0,100
8428926,2016,1,4,2573,-12775,70,1062300,370,42717,12,1000,10.49,15.74,12,188.88,5.554183999999999,12.0,100
8428927,2016,1,4,5070,-12758,70,1062300,370,42717,12,1000,10.49,15.74,2,31.48,3.583164,2.0,100
8428928,2016,1,4,4604,-15328,50,1062300,370,42717,12,1000,10.49,15.74,2,31.48,3.583164,2.0,100
8428929,2016,1,4,3679,-13377,22,1062300,370,42717,12,1000,10.49,15.74,3,47.22,4.0224395,3.0,100
8428930,2016,1,4,2591,-15514,15,1062300,370,42717,12,1000,10.49,15.74,12,188.88,5.554183999999999,12.0,100
8428931,2016,1,4,2190,-15222,77,1062300,370,42717,12,1000,10.49,15.74,2,31.48,3.583164,2.0,100
8428932,2016,1,4,3606,-14898,38,1062300,370,42717,12,1000,10.49,15.74,12,188.88,5.554183999999999,12.0,100
8428933,2016,1,4,3747,-12945,54,1062300,370,42717,12,1000,10.49,15.74,2,31.48,3.583164,2.0,100
8428934,2016,1,4,3612,-13476,49,1062300,370,42717,12,1000,10.49,15.74,12,188.88,5.554183999999999,12.0,100
8428935,2016,1,4,3162,-12775,70,1062300,370,42717,12,1000,10.49,15.74,3,47.22,4.0224395,3.0,100
8428936,2016,1,4,2653,-13183,92,1062300,370,42717,12,1000,10.49,15.74,6,94.44,4.7824907,6.0,100
8428937,2016,1,4,2506,-12935,29,1062300,370,42717,12,1000,10.49,15.74,12,188.88,5.554183999999999,12.0,1044
8428938,2016,1,4,2539,-15410,42,1062300,370,42717,12,1000,10.49,15.74,12,188.88,5.554183999999999,12.0,100
8428939,2016,1,4,5054,-13449,28,1062300,370,42717,12,1000,10.49,15.74,12,188.88,5.554183999999999,12.0,100
8428940,2016,1,4,3403,-12798,58,1062300,370,42717,12,1000,10.49,15.74,2,31.48,3.583164,2.0,100
8428941,2016,1,4,4883,-12945,54,1062300,370,42717,12,1000,10.49,15.74,2,31.48,3.583164,2.0,100
8428942,2016,1,4,3385,-13134,57,1062300,370,42717,12,1000,10.49,15.74,12,188.88,5.554183999999999,12.0,100
8428943,2016,1,4,3494,-14834,7,1062300,370,42717,12,1000,10.49,15.74,24,377.76,6.337696599999999,24.0,100
8428944,2016,1,4,2558,-12895,44,1062300,370,42717,12,1000,10.49,15.74,12,188.88,5.554183999999999,12.0,100
8428945,2016,1,4,2517,-15328,50,1062300,370,42717,12,1000,10.49,15.74,12,188.88,5.554183999999999,12.0,1
8428946,2016,1,4,5039,-13203,52,1062300,370,42716,12,750,7.49,11.24,6,67.44,4.41182,4.5,3384
8428947,2016,1,4,4740,-14035,78,1062300,370,42716,12,750,7.49,11.24,12,134.88,5.1778355000000005,9.0,4405
8428948,2016,1,4,2588,-13133,57,1062300,370,42716,12,750,7.49,11.24,12,134.88,5.1778355000000005,9.0,6
8428949,2016,1,4,3934,-13476,49,1062300,370,42716,12,750,7.49,11.24,12,134.88,5.1778355000000005,9.0,100
8428950,2016,1,4,3790,-12895,44,1062300,370,42716,12,750,7.49,11.24,12,134.88,5.1778355000000005,9.0,100
8428951,2016,1,4,2560,-13234,57,1062300,370,42716,12,750,7.49,11.24,12,134.88,5.1778355000000005,9.0,100
8428952,2016,1,4,4222,-14829,7,1062300,370,42716,12,750,7.49,11.24,3,33.72,3.6573597999999996,2.25,100
8428953,2016,1,4,2601,-12980,51,1062300,370,42714,24,375,4.49,6.74,3,20.22,3.1080092999999995,1.12,100
8428954,2016,1,4,5046,-12904,56,1062300,370,42712,12,500,4.95,7.43,12,89.16,4.718965,6.0,100
8428955,2016,1,4,4633,-14026,78,1062300,370,42712,12,500,4.95,7.43,3,22.29,3.2122295,1.5,520
8428956,2016,1,4,2498,-14930,33,1012100,115,11773,48,200,1.56,2.34,6,14.04,2.7199404,1.2,100
8428957,2016,1,4,2613,-14035,78,1062300,370,42712,12,500,4.95,7.43,12,89.16,4.718965,6.0,1
8428958,2016,1,4,3918,-12734,82,1062300,370,42712,12,500,4.95,7.43,1,7.43,2.0502813,0.5,100
8428959,2016,1,4,2650,-13999,83,1062300,370,42712,12,500,4.95,7.43,1,7.43,2.0502813,0.5,100
8428960,2016,1,4,4773,-15271,77,1062300,370,42712,12,500,4.95,7.43,1,7.43,2.0502813,0.5,100
8428961,2016,1,4,2618,-13134,57,1062300,370,42712,12,500,4.95,7.43,2,14.86,2.7801263,1.0,6
8428962,2016,1,4,4859,-12935,29,1062300,370,42712,12,500,4.95,7.43,12,89.16,4.718965,6.0,6604
8428963,2016,1,4,4580,-13183,92,1062300,370,42712,12,500,4.95,7.43,1,7.43,2.0502813,0.5,100
8428964,2016,1,4,4619,-12909,56,1062300,370,42712,12,500,4.95,7.43,1,7.43,2.0502813,0.5,100
8428965,2016,1,4,2517,-15328,50,1012100,115,11773,48,200,1.56,2.34,12,28.08,3.4600425,2.4,1
8428966,2016,1,4,4619,-12909,56,1012100,115,11773,48,200,1.56,2.34,48,112.32,4.9744269999999995,9.6,100
8428967,2016,1,4,5075,-15329,62,1012100,115,11773,48,200,1.56,2.34,48,112.32,4.9744269999999995,9.6,100
8428968,2016,1,4,4892,-12734,82,1012100,115,11773,48,200,1.56,2.34,5,11.7,2.5271297,1.0,100
8428969,2016,1,4,4222,-14829,7,1012100,115,11773,48,200,1.56,2.34,48,112.32,4.9744269999999995,9.6,100
8428970,2016,1,4,4223,-14829,7,1012100,115,11773,48,200,1.56,2.34,48,112.32,4.9744269999999995,9.6,100
8428971,2016,1,4,5149,-12935,29,1012100,115,11773,48,200,1.56,2.34,48,112.32,4.9744269999999995,9.6,100
8428972,2016,1,4,2591,-15514,15,1012100,115,11773,48,200,1.56,2.34,12,28.08,3.4600425,2.4,100
8428973,2016,1,4,4306,-15095,35,1012100,115,11773,48,200,1.56,2.34,6,14.04,2.7199404,1.2,100
8428974,2016,1,4,5071,-12789,16,1012300,395,15776,12,750,13.5,20.25,2,40.5,3.855663,1.5,100
8428975,2016,1,4,4876,-13303,57,1012100,115,11773,48,200,1.56,2.34,48,112.32,4.9744269999999995,9.6,100
8428976,2016,1,4,4829,-15222,77,1062300,370,42703,12,750,7.49,11.24,12,134.88,5.1778355000000005,9.0,100
8428977,2016,1,4,2512,-13296,52,1062300,370,42703,12,750,7.49,11.24,3,33.72,3.6573597999999996,2.25,100
8428978,2016,1,4,2627,-15226,77,1062300,370,42703,12,750,7.49,11.24,2,22.48,3.221316,1.5,1
8428979,2016,1,4,2647,-13125,57,1062300,370,42703,12,750,7.49,11.24,3,33.72,3.6573597999999996,2.25,7
8428980,2016,1,4,5070,-12758,70,1062300,370,42703,12,750,7.49,11.24,2,22.48,3.221316,1.5,100
8428981,2016,1,4,4696,-15270,77,1012100,115,11773,48,200,1.56,2.34,8,18.72,3.0257456,1.6,517
8428982,2016,1,4,2670,-13295,52,1062300,370,42714,24,375,4.49,6.74,2,13.48,2.6768286,0.75,100
8428983,2016,1,4,3740,-14834,7,1062300,370,42717,12,1000,10.49,15.74,12,188.88,5.554183999999999,12.0,100
8428984,2016,1,4,2538,-14834,7,1062300,370,42714,24,375,4.49,6.74,2,13.48,2.6768286,0.75,3
8428985,2016,1,4,5100,-12734,82,1062300,370,42714,24,375,4.49,6.74,3,20.22,3.1080092999999995,1.12,100
8428986,2016,1,4,4223,-14829,7,1062300,370,42716,12,750,7.49,11.24,4,44.96,3.9690974000000003,3.0,100
8428987,2016,1,4,3899,-15270,77,1062300,370,42716,12,750,7.49,11.24,12,134.88,5.1778355000000005,9.0,100
8428988,2016,1,4,3563,-12775,70,1062300,370,42716,12,750,7.49,11.24,12,134.88,5.1778355000000005,9.0,100
8428989,2016,1,4,3562,-12881,29,1062300,370,42716,12,750,7.49,11.24,12,134.88,5.1778355000000005,9.0,100
8428990,2016,1,4,3868,-13234,57,1062300,370,42716,12,750,7.49,11.24,12,134.88,5.1778355000000005,9.0,100
8428991,2016,1,4,3886,-13331,53,1062300,370,42716,12,750,7.49,11.24,12,134.88,5.1778355000000005,9.0,100
8428992,2016,1,4,3859,-14892,10,1062300,370,42716,12,750,7.49,11.24,12,134.88,5.1778355000000005,9.0,100
8428993,2016,1,4,3811,-12904,56,1062300,370,42716,12,750,7.49,11.24,12,134.88,5.1778355000000005,9.0,100
8428994,2016,1,4,4019,-13479,28,1062300,370,42716,12,750,7.49,11.24,12,134.88,5.1778355000000005,9.0,100
8428995,2016,1,4,3628,-13134,57,1062300,370,42716,12,750,7.49,11.24,12,134.88,5.1778355000000005,9.0,100
8428996,2016,1,4,2527,-15221,77,1062300,370,42716,12,750,7.49,11.24,12,134.88,5.1778355000000005,9.0,5
8428997,2016,1,4,5075,-15329,62,1062300,370,42716,12,750,7.49,11.24,4,44.96,3.9690974000000003,3.0,100
8428998,2016,1,4,2506,-12935,29,1062300,370,42716,12,750,7.49,11.24,12,134.88,5.1778355000000005,9.0,1044
8428999,2016,1,4,4718,-15270,77,1062300,370,42716,12,750,7.49,11.24,12,134.88,5.1778355000000005,9.0,6623
8429000,2016,1,4,3525,-13183,92,1062300,370,42716,12,750,7.49,11.24,4,44.96,3.9690974000000003,3.0,100
8429001,2016,1,4,2558,-12895,44,1062300,370,42716,12,750,7.49,11.24,12,134.88,5.1778355000000005,9.0,100
8429002,2016,1,4,4159,-14033,78,1062300,370,42716,12,750,7.49,11.24,4,44.96,3.9690974000000003,3.0,73
8429003,2016,1,4,4619,-12909,56,1062300,370,42716,12,750,7.49,11.24,2,22.48,3.221316,1.5,100
8429004,2016,1,4,4125,-12883,58,1062300,370,42716,12,750,7.49,11.24,6,67.44,4.41182,4.5,100
8429005,2016,1,4,4742,-14035,78,1062300,370,42716,12,750,7.49,11.24,12,134.88,5.1778355000000005,9.0,786
8429006,2016,1,4,4746,-12775,70,1062300,370,42716,12,750,7.49,11.24,12,134.88,5.1778355000000005,9.0,5885
8429007,2016,1,4,4883,-12945,54,1062300,370,42716,12,750,7.49,11.24,3,33.72,3.6573597999999996,2.25,100
8429008,2016,1,4,3403,-12798,58,1062300,370,42716,12,750,7.49,11.24,2,22.48,3.221316,1.5,100
8429009,2016,1,4,4856,-13283,57,1062300,370,42716,12,750,7.49,11.24,6,67.44,4.41182,4.5,100
8429010,2016,1,4,2191,-12904,56,1062300,370,42716,12,750,7.49,11.24,1,11.24,2.4848156,0.75,100
8429011,2016,1,4,4753,-15534,1,1062300,370,42716,12,750,7.49,11.24,12,134.88,5.1778355000000005,9.0,2521
8429012,2016,1,4,4749,-12732,82,1062300,370,42716,12,750,7.49,11.24,12,134.88,5.1778355000000005,9.0,5239
8429013,2016,1,4,4633,-14026,78,1012100,115,11773,48,200,1.56,2.34,6,14.04,2.7199404,1.2,520
8429014,2016,1,4,2555,-12904,56,1062300,370,42714,24,375,4.49,6.74,6,40.44,3.8540550000000002,2.25,100
8429015,2016,1,4,5018,-12734,82,1062300,370,42714,24,375,4.49,6.74,8,53.92,4.1670375,3.0,100
8429016,2016,1,4,2650,-13999,83,1062300,370,42717,12,1000,10.49,15.74,12,188.88,5.554183999999999,12.0,100
8429017,2016,1,4,3952,-12814,82,1062300,370,42717,12,1000,10.49,15.74,36,566.64,6.801573299999999,36.0,100
8429018,2016,1,4,2613,-14035,78,1062300,370,42717,12,1000,10.49,15.74,12,188.88,5.554183999999999,12.0,1
8429019,2016,1,4,3899,-15270,77,1062310,259,43026,12,750,5.78,8.67,12,104.04,4.8895683,9.0,100
8429020,2016,1,4,3618,-13132,57,1062310,259,43026,12,750,5.78,8.67,12,104.04,4.8895683,9.0,100
8429021,2016,1,4,3886,-13331,53,1062310,259,43026,12,750,5.78,8.67,24,208.08,5.6629014,18.0,100
8429022,2016,1,4,3696,-15221,77,1062310,259,43026,12,750,5.78,8.67,12,104.04,4.8895683,9.0,100
8429023,2016,1,4,3663,-14834,7,1062310,259,43026,12,750,5.78,8.67,12,104.04,4.8895683,9.0,100
8429024,2016,1,4,3811,-12904,56,1062310,259,43026,12,750,5.78,8.67,12,104.04,4.8895683,9.0,100
8429025,2016,1,4,3859,-14892,10,1062310,259,43026,12,750,5.78,8.67,12,104.04,4.8895683,9.0,100
8429026,2016,1,4,3628,-13134,57,1062310,259,43026,12,750,5.78,8.67,12,104.04,4.8895683,9.0,100
8429027,2016,1,4,3651,-15411,91,1062310,259,43026,12,750,5.78,8.67,12,104.04,4.8895683,9.0,100
8429028,2016,1,4,4892,-12734,82,1062310,259,43026,12,750,5.78,8.67,1,8.67,2.211837,0.75,100
8429029,2016,1,4,2560,-13234,57,1062310,259,43026,12,750,5.78,8.67,12,104.04,4.8895683,9.0,100
8429030,2016,1,4,4016,-14915,38,1062310,259,43026,12,750,5.78,8.67,3,26.01,3.3777246,2.25,100
8429031,2016,1,4,5091,-12775,70,1062310,259,43026,12,750,5.78,8.67,9,78.03,4.572042,6.75,436
8429032,2016,1,4,4619,-12909,56,1062310,259,43026,12,750,5.78,8.67,3,26.01,3.3777246,2.25,100
8429033,2016,1,4,4898,-12935,29,1062310,259,43026,12,750,5.78,8.67,12,104.04,4.8895683,9.0,100
8429034,2016,1,4,3461,-15286,1,1062310,259,43026,12,750,5.78,8.67,5,43.35,3.9294727,3.75,100
8429035,2016,1,4,4421,-15095,35,1062310,259,43026,12,750,5.78,8.67,12,104.04,4.8895683,9.0,1
8429036,2016,1,4,4883,-12945,54,1062310,259,43026,12,750,5.78,8.67,1,8.67,2.211837,0.75,100
8429037,2016,1,4,4067,-13180,90,1062310,259,43026,12,750,5.78,8.67,12,104.04,4.8895683,9.0,100
8429038,2016,1,4,4605,-13234,57,1062310,259,43026,12,750,5.78,8.67,12,104.04,4.8895683,9.0,509
8429039,2016,1,4,4621,-15375,85,1062310,259,43026,12,750,5.78,8.67,12,104.04,4.8895683,9.0,23
8429040,2016,1,4,2648,-15271,77,1062310,259,43025,12,750,5.78,8.67,12,104.04,4.8895683,9.0,4
8429041,2016,1,4,2549,-15411,91,1062310,259,43025,12,750,5.78,8.67,12,104.04,4.8895683,9.0,100
8429042,2016,1,4,4152,-13981,43,1062310,259,43025,12,750,5.78,8.67,12,104.04,4.8895683,9.0,100
8429043,2016,1,4,2506,-12935,29,1062310,259,43025,12,750,5.78,8.67,12,104.04,4.8895683,9.0,1044
8429044,2016,1,4,2560,-13234,57,1062310,259,43025,12,750,5.78,8.67,12,104.04,4.8895683,9.0,100
8429045,2016,1,4,4633,-14026,78,1062310,259,43024,24,375,2.74,4.11,24,98.64,4.8305893,9.0,520
8429046,2016,1,4,5046,-12904,56,1062310,259,43024,24,375,2.74,4.11,24,98.64,4.8305893,9.0,100
8429047,2016,1,4,5094,-13135,57,1062310,259,43024,24,375,2.74,4.11,24,98.64,4.8305893,9.0,2778
8429048,2016,1,4,3644,-15527,77,1062310,259,43026,12,750,5.78,8.67,12,104.04,4.8895683,9.0,100
8429049,2016,1,4,4491,-13133,57,1062310,259,43024,24,375,2.74,4.11,12,49.32,4.0698123,4.5,2772
8429050,2016,1,4,3563,-12775,70,1062310,259,43026,12,750,5.78,8.67,12,104.04,4.8895683,9.0,100
8429051,2016,1,4,4984,-12775,70,1062310,259,43026,12,750,5.78,8.67,12,104.04,4.8895683,9.0,100
8429052,2016,1,4,4970,-12760,70,1062310,259,43027,12,1000,7.28,10.92,3,32.76,3.6261702000000007,3.0,100
8429053,2016,1,4,4753,-15534,1,1062310,259,43026,12,750,5.78,8.67,12,104.04,4.8895683,9.0,2521
8429054,2016,1,4,4562,-13230,16,1062310,259,43026,12,750,5.78,8.67,12,104.04,4.8895683,9.0,2989
8429055,2016,1,4,4627,-15285,50,1062310,259,43026,12,750,5.78,8.67,12,104.04,4.8895683,9.0,1388
8429056,2016,1,4,2605,-13134,57,1062310,259,43026,12,750,5.78,8.67,6,52.02,4.1279016,4.5,5
8429057,2016,1,4,4487,-13134,57,1062310,259,43026,12,750,5.78,8.67,6,52.02,4.1279016,4.5,2787
8429058,2016,1,4,2590,-13134,57,1062310,259,43026,12,750,5.78,8.67,12,104.04,4.8895683,9.0,5
8429059,2016,1,4,4180,-13234,57,1062310,259,43026,12,750,5.78,8.67,12,104.04,4.8895683,9.0,100
8429060,2016,1,4,5142,-13233,57,1062310,259,43026,12,750,5.78,8.67,12,104.04,4.8895683,9.0,100
8429061,2016,1,4,4773,-15271,77,1062310,259,43026,12,750,5.78,8.67,4,34.68,3.6876926,3.0,100
8429062,2016,1,4,2648,-15271,77,1062310,259,43026,12,750,5.78,8.67,12,104.04,4.8895683,9.0,4
8429063,2016,1,4,4967,-12810,82,1062310,259,43026,12,750,5.78,8.67,2,17.34,2.9441564,1.5,100
8429064,2016,1,4,4313,-15514,15,1062310,259,43026,12,750,5.78,8.67,12,104.04,4.8895683,9.0,940
8429065,2016,1,4,5070,-12758,70,1062310,259,43026,12,750,5.78,8.67,2,17.34,2.9441564,1.5,100
8429066,2016,1,4,4000,-13957,43,1062310,259,43026,12,750,5.78,8.67,5,43.35,3.9294727,3.75,100
8429067,2016,1,4,4641,-15221,77,1062310,259,43026,12,750,5.78,8.67,3,26.01,3.3777246,2.25,573
8429068,2016,1,4,4543,-13234,57,1062310,259,43026,12,750,5.78,8.67,12,104.04,4.8895683,9.0,2924
8429069,2016,1,4,4418,-13959,78,1062310,259,43026,12,750,5.78,8.67,12,104.04,4.8895683,9.0,46
8429070,2016,1,4,5071,-12789,16,1062310,259,43026,12,750,5.78,8.67,2,17.34,2.9441564,1.5,100
8429071,2016,1,4,4950,-13133,57,1062310,259,43026,12,750,5.78,8.67,12,104.04,4.8895683,9.0,514
8429072,2016,1,4,5100,-12734,82,1062310,259,43026,12,750,5.78,8.67,12,104.04,4.8895683,9.0,100
8429073,2016,1,4,3908,-12909,56,1062310,259,43026,12,750,5.78,8.67,12,104.04,4.8895683,9.0,214
8429074,2016,1,4,2618,-13134,57,1062310,259,43026,12,750,5.78,8.67,12,104.04,4.8895683,9.0,6
8429075,2016,1,4,4897,-12935,29,1062310,259,43026,12,750,5.78,8.67,12,104.04,4.8895683,9.0,102
8429076,2016,1,4,2628,-14909,42,1062310,259,43026,12,750,5.78,8.67,12,104.04,4.8895683,9.0,100
8429077,2016,1,4,3612,-13476,49,1062310,259,43026,12,750,5.78,8.67,2,17.34,2.9441564,1.5,100
8429078,2016,1,4,3829,-13222,57,1062310,259,43026,12,750,5.78,8.67,12,104.04,4.8895683,9.0,100
8429079,2016,1,4,4164,-12814,82,1062310,259,43026,12,750,5.78,8.67,12,104.04,4.8895683,9.0,100
8429080,2016,1,4,3162,-12775,70,1062310,259,43026,12,750,5.78,8.67,12,104.04,4.8895683,9.0,100
8429081,2016,1,4,3868,-13234,57,1062310,259,43026,12,750,5.78,8.67,12,104.04,4.8895683,9.0,100
8429082,2016,1,4,2506,-12935,29,1062310,259,43027,12,1000,7.28,10.92,12,131.04,5.145683,12.0,1044
8429083,2016,1,4,5213,-12897,56,1062310,259,43024,24,375,2.74,4.11,1,4.11,1.4355562,0.38,100
8429084,2016,1,4,4180,-13234,57,1062310,259,43024,24,375,2.74,4.11,24,98.64,4.8305893,9.0,100
8429085,2016,1,4,2549,-15411,91,1062300,370,42723,12,750,7.49,11.24,12,134.88,5.1778355000000005,9.0,100
8429086,2016,1,4,4303,-12899,29,1062300,370,42723,12,750,7.49,11.24,2,22.48,3.221316,1.5,100
8429087,2016,1,4,3400,-15219,77,1062300,370,42718,6,1750,16.49,24.74,6,148.44,5.2846203,10.5,100
8429088,2016,1,4,2588,-13133,57,1062300,370,42718,6,1750,16.49,24.74,6,148.44,5.2846203,10.5,6
8429089,2016,1,4,2590,-13134,57,1062300,370,42718,6,1750,16.49,24.74,6,148.44,5.2846203,10.5,5
8429090,2016,1,4,4312,-14035,78,1062300,370,42718,6,1750,16.49,24.74,6,148.44,5.2846203,10.5,100
8429091,2016,1,4,3679,-13377,22,1062300,370,42718,6,1750,16.49,24.74,6,148.44,5.2846203,10.5,100
8429092,2016,1,4,2633,-15216,77,1062300,370,42718,6,1750,16.49,24.74,6,148.44,5.2846203,10.5,100
8429093,2016,1,4,4152,-13981,43,1062300,370,42718,6,1750,16.49,24.74,3,74.22,4.5169935,5.25,100
8429094,2016,1,4,2538,-14834,7,1062300,370,42718,6,1750,16.49,24.74,6,148.44,5.2846203,10.5,3
8429095,2016,1,4,2460,-15095,100,1062300,370,42718,6,1750,16.49,24.74,2,49.48,4.0733404,3.5,100
8429096,2016,1,4,3679,-13377,22,1062300,370,42718,6,1750,16.49,24.74,2,49.48,4.0733404,3.5,100
8429097,2016,1,4,3628,-13134,57,1062300,370,42718,6,1750,16.49,24.74,6,148.44,5.2846203,10.5,100
8429098,2016,1,4,4019,-13479,28,1062300,370,42718,6,1750,16.49,24.74,6,148.44,5.2846203,10.5,100
8429099,2016,1,4,5077,-14035,78,1062300,370,42718,6,1750,16.49,24.74,6,148.44,5.2846203,10.5,100
8429100,2016,1,4,3663,-14834,7,1062300,370,42718,6,1750,16.49,24.74,6,148.44,5.2846203,10.5,100
