year,month,day,store_number,zip_code,county_number,category,vendor_number,item_number,pack,bottle_vol,bottle_cost,state_bottle_retail,bottles_sold,sale,fd,vol_sold,store_subnumber
2016,1,4,5022,-15271,77,1031200,380,41989,12,750,6.5,9.75,4,39.0,3.8147485,3.0,97
2016,1,4,2460,-15095,100,1062100,260,42166,12,750,10.0,15.0,2,30.0,3.5312523999999996,1.5,100
2016,1,4,2590,-13134,57,1031200,380,41989,12,750,6.5,9.75,5,48.75,4.057151999999999,3.75,5
2016,1,4,2648,-15271,77,1031200,380,41989,12,750,6.5,9.75,6,58.5,4.256092,4.5,4
2016,1,4,4312,-14035,78,1031200,380,41989,12,750,6.5,9.75,12,117.0,5.019722499999999,9.0,100
2016,1,4,2662,-12775,70,1062100,260,42166,12,750,10.0,15.0,2,30.0,3.5312523999999996,1.5,100
2016,1,4,2650,-13999,83,1031200,380,41989,12,750,6.5,9.75,3,29.25,3.5039816,2.25,100
2016,1,4,3952,-12814,82,1031200,380,41989,12,750,6.5,9.75,12,117.0,5.019722499999999,9.0,100
2016,1,4,2521,-15271,77,1031200,380,41989,12,750,6.5,9.75,12,117.0,5.019722499999999,9.0,100
2016,1,4,4633,-14026,78,1031200,380,41989,12,750,6.5,9.75,1,9.75,2.3350883,0.75,520
2016,1,4,4794,-12935,29,1031200,380,41989,12,750,6.5,9.75,2,19.5,3.0692956000000002,1.5,100
2016,1,4,4000,-13957,43,1031200,380,41989,12,750,6.5,9.75,1,9.75,2.3350883,0.75,100
2016,1,4,2538,-14834,7,1031200,380,41989,12,750,6.5,9.75,3,29.25,3.5039816,2.25,3
2016,1,4,4148,-14892,10,1031200,380,41989,12,750,6.5,9.75,2,19.5,3.0692956000000002,1.5,479
2016,1,4,4152,-13981,43,1031200,380,41989,12,750,6.5,9.75,1,9.75,2.3350883,0.75,100
2016,1,4,4166,-14888,10,1031200,380,41989,12,750,6.5,9.75,2,19.5,3.0692956000000002,1.5,100
2016,1,4,2584,-12909,56,1031200,380,41989,12,750,6.5,9.75,3,29.25,3.5039816,2.25,100
2016,1,4,4641,-15221,77,1031200,380,41989,12,750,6.5,9.75,3,29.25,3.5039816,2.25,573
2016,1,4,2573,-12775,70,1031200,380,41989,12,750,6.5,9.75,2,19.5,3.0692956000000002,1.5,100
2016,1,4,4633,-14026,78,1031200,380,42002,6,500,4.89,7.34,3,22.02,3.1991857999999995,1.5,520
2016,1,4,4402,-13209,92,1031200,380,41989,12,750,6.5,9.75,4,39.0,3.8147485,3.0,80
2016,1,4,2498,-14930,33,1031200,380,41989,12,750,6.5,9.75,3,29.25,3.5039816,2.25,100
2016,1,4,4296,-12971,89,1031200,380,41989,12,750,6.5,9.75,2,19.5,3.0692956000000002,1.5,100
2016,1,4,4617,-15219,77,1031200,380,41989,12,750,6.5,9.75,3,29.25,3.5039816,2.25,100
2016,1,4,4673,-12880,56,1031200,380,41989,12,750,6.5,9.75,4,39.0,3.8147485,3.0,100
2016,1,4,2549,-15411,91,1031200,380,41989,12,750,6.5,9.75,12,117.0,5.019722499999999,9.0,100
2016,1,4,2539,-15410,42,1031200,380,42002,6,500,4.89,7.34,6,44.04,3.946628,3.0,100
2016,1,4,2588,-13133,57,1031200,380,42009,6,1750,10.99,16.49,6,98.94,4.833948,10.5,6
2016,1,4,2591,-15514,15,1031200,380,42002,6,500,4.89,7.34,1,7.34,2.037548,0.5,100
2016,1,4,2448,-15411,91,1031200,380,42153,12,750,6.5,9.75,2,19.5,3.0692956000000002,1.5,100
2016,1,4,2538,-14834,7,1062300,305,42162,12,750,9.42,14.13,12,169.56,5.433279,9.0,3
2016,1,4,2647,-13125,57,1062300,305,42162,12,750,9.42,14.13,12,169.56,5.433279,9.0,7
2016,1,4,4933,-12935,29,1031200,380,42151,6,500,4.9,7.35,6,44.1,3.9481075,3.0,100
2016,1,4,2569,-13134,57,1062100,260,42166,12,750,10.0,15.0,2,30.0,3.5312523999999996,1.5,2
2016,1,4,2191,-12904,56,1062100,260,42166,12,750,10.0,15.0,1,15.0,2.7900763,0.75,100
2016,1,4,2517,-15328,50,1031200,380,41989,12,750,6.5,9.75,12,117.0,5.019722499999999,9.0,1
2016,1,4,4684,-15411,91,1031200,380,42151,6,500,4.9,7.35,6,44.1,3.9481075,3.0,928
2016,1,4,2590,-13134,57,1101100,229,42149,12,750,7.49,11.24,9,101.16,4.858496,6.75,5
2016,1,4,2521,-15271,77,1101100,229,42149,12,750,7.49,11.24,4,44.96,3.9690974000000003,3.0,100
2016,1,4,2613,-14035,78,1101100,229,42149,12,750,7.49,11.24,12,134.88,5.1778355000000005,9.0,1
2016,1,4,2650,-13999,83,1031200,380,42142,12,750,6.5,9.75,2,19.5,3.0692956000000002,1.5,100
2016,1,4,2191,-12904,56,1031200,380,42142,12,750,6.5,9.75,1,9.75,2.3350883,0.75,100
2016,1,4,2573,-12775,70,1031200,380,42079,12,1000,7.5,11.25,4,45.0,3.9700642,4.0,100
2016,1,4,2460,-15095,100,1031200,380,42002,6,500,4.89,7.34,1,7.34,2.037548,0.5,100
2016,1,4,3612,-13476,49,1031200,380,42079,12,1000,7.5,11.25,2,22.5,3.2222682999999996,2.0,100
2016,1,4,3525,-13183,92,1031200,380,42079,12,1000,7.5,11.25,2,22.5,3.2222682999999996,2.0,100
2016,1,4,2191,-12904,56,1031200,380,42079,12,1000,7.5,11.25,12,135.0,5.1788254,12.0,100
2016,1,4,4633,-14026,78,1012100,115,11774,24,375,3.07,4.61,6,27.66,3.4438313999999997,2.25,520
2016,1,4,4560,-13999,83,1012100,115,11774,24,375,3.07,4.61,6,27.66,3.4438313999999997,2.25,2914
2016,1,4,5094,-13135,57,1012100,115,11774,24,375,3.07,4.61,24,110.64,4.9577160000000005,9.0,2778
2016,1,4,4740,-14035,78,1012100,115,11774,24,375,3.07,4.61,24,110.64,4.9577160000000005,9.0,4405
2016,1,4,4549,-15480,85,1012100,115,11774,24,375,3.07,4.61,24,110.64,4.9577160000000005,9.0,2913
2016,1,4,3612,-13476,49,1031200,380,42009,6,1750,10.99,16.49,2,32.98,3.6333961,3.5,100
2016,1,4,2590,-13134,57,1031200,380,42002,6,500,4.89,7.34,1,7.34,2.037548,0.5,5
2016,1,4,2605,-13134,57,1031200,380,42002,6,500,4.89,7.34,3,22.02,3.1991857999999995,1.5,5
2016,1,4,4482,-15411,91,1031200,380,42002,6,500,4.89,7.34,1,7.34,2.037548,0.5,929
2016,1,4,4696,-15270,77,1031200,380,42002,6,500,4.89,7.34,1,7.34,2.037548,0.5,517
2016,1,4,4361,-15223,77,1031200,380,42002,6,500,4.89,7.34,2,14.68,2.767198,1.0,100
2016,1,4,3917,-12732,82,1031200,380,42002,6,500,4.89,7.34,1,7.34,2.037548,0.5,100
2016,1,4,3385,-13134,57,1031200,380,42079,12,1000,7.5,11.25,12,135.0,5.1788254,12.0,100
2016,1,4,4718,-15270,77,1031200,380,41989,12,750,6.5,9.75,12,117.0,5.019722499999999,9.0,6623
2016,1,4,5013,-12814,82,1101100,434,41846,12,750,9.0,13.5,12,162.0,5.382259400000001,9.0,100
2016,1,4,2512,-13296,52,1031200,300,41943,12,750,7.0,10.5,3,31.5,3.583849,2.25,100
2016,1,4,4098,-13183,92,1101100,434,41846,12,750,9.0,13.5,12,162.0,5.382259400000001,9.0,100
2016,1,4,2507,-12935,29,1101100,434,41846,12,750,9.0,13.5,12,162.0,5.382259400000001,9.0,1
2016,1,4,2191,-12904,56,1101100,434,41846,12,750,9.0,13.5,1,13.5,2.6783984,0.75,100
2016,1,4,5054,-13449,28,1101100,434,41846,12,750,9.0,13.5,12,162.0,5.382259400000001,9.0,100
2016,1,4,3465,-15320,39,1101100,434,41846,12,750,9.0,13.5,3,40.5,3.855663,2.25,100
2016,1,4,2517,-15328,50,1101100,434,41846,12,750,9.0,13.5,12,162.0,5.382259400000001,9.0,1
2016,1,4,3525,-13183,92,1101100,434,41846,12,750,9.0,13.5,12,162.0,5.382259400000001,9.0,100
2016,1,4,4619,-12909,56,1101100,434,41846,12,750,9.0,13.5,1,13.5,2.6783984,0.75,100
2016,1,4,4303,-12899,29,1101100,434,41846,12,750,9.0,13.5,2,27.0,3.4178638,1.5,100
2016,1,4,4856,-13283,57,1101100,434,41846,12,750,9.0,13.5,6,81.0,4.61316,4.5,100
2016,1,4,2647,-13125,57,1031200,259,41840,12,750,3.82,6.06,2,12.12,2.5643667999999997,1.5,7
2016,1,4,5046,-12904,56,1031200,380,41783,6,500,4.89,7.34,6,44.04,3.946628,3.0,100
2016,1,4,4819,-15527,77,1031200,380,41783,6,500,4.89,7.34,1,7.34,2.037548,0.5,100
2016,1,4,2605,-13134,57,1031200,380,41783,6,500,4.89,7.34,3,22.02,3.1991857999999995,1.5,5
2016,1,4,2590,-13134,57,1031200,380,41783,6,500,4.89,7.34,1,7.34,2.037548,0.5,5
2016,1,4,2521,-15271,77,1031200,380,41783,6,500,4.89,7.34,6,44.04,3.946628,3.0,100
2016,1,4,2532,-15219,77,1031200,380,41783,6,500,4.89,7.34,1,7.34,2.037548,0.5,2
2016,1,4,3917,-12732,82,1031200,380,41783,6,500,4.89,7.34,2,14.68,2.767198,1.0,100
2016,1,4,4933,-12935,29,1031200,380,41783,6,500,4.89,7.34,6,44.04,3.946628,3.0,100
2016,1,4,5018,-12734,82,1031200,380,41783,6,500,4.89,7.34,1,7.34,2.037548,0.5,100
2016,1,4,3612,-13476,49,1062100,260,42166,12,750,10.0,15.0,2,30.0,3.5312523999999996,1.5,100
2016,1,4,3952,-12814,82,1031200,380,41707,12,1000,5.78,8.67,12,104.04,4.8895683,12.0,100
2016,1,4,2662,-12775,70,1031200,380,41783,6,500,4.89,7.34,6,44.04,3.946628,3.0,100
2016,1,4,3549,-12909,56,1031200,380,41783,6,500,4.89,7.34,6,44.04,3.946628,3.0,100
2016,1,4,2498,-14930,33,1031200,380,41783,6,500,4.89,7.34,4,29.36,3.5080237000000003,2.0,100
2016,1,4,4580,-13183,92,1031200,380,41783,6,500,4.89,7.34,1,7.34,2.037548,0.5,100
2016,1,4,4504,-15411,91,1031200,380,41783,6,500,4.89,7.34,6,44.04,3.946628,3.0,921
2016,1,4,4898,-12935,29,1031200,380,41783,6,500,4.89,7.34,1,7.34,2.037548,0.5,100
2016,1,4,4619,-12909,56,1031200,380,41783,6,500,4.89,7.34,1,7.34,2.037548,0.5,100
2016,1,4,2560,-13234,57,1101100,434,41846,12,750,9.0,13.5,12,162.0,5.382259400000001,9.0,100
2016,1,4,4223,-14829,7,1101100,434,41846,12,750,9.0,13.5,5,67.5,4.412795,3.75,100
2016,1,4,3899,-15270,77,1101100,434,41846,12,750,9.0,13.5,12,162.0,5.382259400000001,9.0,100
2016,1,4,3628,-13134,57,1101100,434,41846,12,750,9.0,13.5,12,162.0,5.382259400000001,9.0,100
2016,1,4,2588,-13133,57,1031200,259,41927,12,750,3.82,6.06,3,18.18,2.994543,2.25,6
2016,1,4,2573,-12775,70,1031200,259,41927,12,750,3.82,6.06,1,6.06,1.8377765,0.75,100
2016,1,4,2662,-12775,70,1031200,259,41927,12,750,3.82,6.06,3,18.18,2.994543,2.25,100
2016,1,4,4223,-14829,7,1031200,259,41927,12,750,3.82,6.06,2,12.12,2.5643667999999997,1.5,100
2016,1,4,4819,-15527,77,1031200,380,41857,6,500,4.89,7.34,1,7.34,2.037548,0.5,100
2016,1,4,4482,-15411,91,1031200,380,41857,6,500,4.89,7.34,1,7.34,2.037548,0.5,929
2016,1,4,2532,-15219,77,1031200,380,41857,6,500,4.89,7.34,2,14.68,2.767198,1.0,2
2016,1,4,4874,-12895,44,1031200,380,41857,6,500,4.89,7.34,1,7.34,2.037548,0.5,100
2016,1,4,2498,-14930,33,1031200,380,41857,6,500,4.89,7.34,1,7.34,2.037548,0.5,100
2016,1,4,4867,-14035,78,1031200,380,41857,6,500,4.89,7.34,6,44.04,3.946628,3.0,100
2016,1,4,2590,-13134,57,1101100,434,41846,12,750,9.0,13.5,12,162.0,5.382259400000001,9.0,5
2016,1,4,4829,-15222,77,1101100,434,41846,12,750,9.0,13.5,12,162.0,5.382259400000001,9.0,100
2016,1,4,4819,-15527,77,1101100,434,41846,12,750,9.0,13.5,2,27.0,3.4178638,1.5,100
2016,1,4,5142,-13233,57,1101100,434,41846,12,750,9.0,13.5,1,13.5,2.6783984,0.75,100
2016,1,4,4856,-13283,57,1031200,380,41989,12,750,6.5,9.75,6,58.5,4.256092,4.5,100
2016,1,4,2512,-13296,52,1101100,434,41846,12,750,9.0,13.5,12,162.0,5.382259400000001,9.0,100
2016,1,4,4312,-14035,78,1101100,434,41846,12,750,9.0,13.5,4,54.0,4.1686554,3.0,100
2016,1,4,2650,-13999,83,1101100,434,41846,12,750,9.0,13.5,12,162.0,5.382259400000001,9.0,100
2016,1,4,2647,-13125,57,1101100,434,41846,12,750,9.0,13.5,12,162.0,5.382259400000001,9.0,7
2016,1,4,2554,-12734,82,1101100,434,41846,12,750,9.0,13.5,12,162.0,5.382259400000001,9.0,100
2016,1,4,2190,-15222,77,1101100,434,41846,12,750,9.0,13.5,12,162.0,5.382259400000001,9.0,100
2016,1,4,3162,-12775,70,1101100,434,41846,12,750,9.0,13.5,5,67.5,4.412795,3.75,100
2016,1,4,4972,-13377,22,1101100,434,41846,12,750,9.0,13.5,4,54.0,4.1686554,3.0,100
2016,1,4,3747,-12945,54,1101100,434,41846,12,750,9.0,13.5,4,54.0,4.1686554,3.0,100
2016,1,4,2460,-15095,100,1101100,434,41846,12,750,9.0,13.5,12,162.0,5.382259400000001,9.0,100
2016,1,4,3679,-13377,22,1101100,434,41846,12,750,9.0,13.5,1,13.5,2.6783984,0.75,100
2016,1,4,2618,-13134,57,1101100,434,41846,12,750,9.0,13.5,12,162.0,5.382259400000001,9.0,6
2016,1,4,3886,-13331,53,1101100,434,41846,12,750,9.0,13.5,24,324.0,6.163139,18.0,100
2016,1,4,3811,-12904,56,1101100,434,41846,12,750,9.0,13.5,12,162.0,5.382259400000001,9.0,100
2016,1,4,3859,-14892,10,1101100,434,41846,12,750,9.0,13.5,12,162.0,5.382259400000001,9.0,100
2016,1,4,2648,-15271,77,1101100,434,41846,12,750,9.0,13.5,12,162.0,5.382259400000001,9.0,4
2016,1,4,2538,-14834,7,1062100,260,42166,12,750,10.0,15.0,1,15.0,2.7900763,0.75,3
2016,1,4,4373,-15270,77,1012100,115,11774,24,375,3.07,4.61,24,110.64,4.9577160000000005,9.0,74
2016,1,4,2643,-14835,7,1062100,260,42166,12,750,10.0,15.0,2,30.0,3.5312523999999996,1.5,100
2016,1,4,4829,-15222,77,1062300,370,42699,12,750,7.49,11.24,12,134.88,5.1778355000000005,9.0,100
2016,1,4,4402,-13209,92,1012100,115,11774,24,375,3.07,4.61,3,13.83,2.703974,1.12,80
2016,1,4,4993,-12904,56,1012100,115,11774,24,375,3.07,4.61,24,110.64,4.9577160000000005,9.0,100
2016,1,4,4757,-15501,77,1012100,115,11774,24,375,3.07,4.61,3,13.83,2.703974,1.12,100
2016,1,4,2498,-14930,33,1012100,115,11774,24,375,3.07,4.61,6,27.66,3.4438313999999997,2.25,100
2016,1,4,2628,-14909,42,1012100,115,11774,24,375,3.07,4.61,24,110.64,4.9577160000000005,9.0,100
2016,1,4,2618,-13134,57,1012100,115,11774,24,375,3.07,4.61,3,13.83,2.703974,1.12,6
2016,1,4,4604,-15328,50,1012100,115,11774,24,375,3.07,4.61,6,27.66,3.4438313999999997,2.25,100
2016,1,4,2662,-12775,70,1012100,115,11774,24,375,3.07,4.61,24,110.64,4.9577160000000005,9.0,100
2016,1,4,2653,-13183,92,1012100,115,11774,24,375,3.07,4.61,2,9.22,2.27637,0.75,100
2016,1,4,4473,-15320,39,1012100,115,11774,24,375,3.07,4.61,24,110.64,4.9577160000000005,9.0,92
2016,1,4,2601,-12980,51,1062300,370,42699,12,750,7.49,11.24,12,134.88,5.1778355000000005,9.0,100
2016,1,4,2643,-14835,7,1062300,370,42699,12,750,7.49,11.24,2,22.48,3.221316,1.5,100
2016,1,4,5091,-12775,70,1012100,115,11774,24,375,3.07,4.61,12,55.32,4.195020700000001,4.5,436
2016,1,4,2538,-14834,7,1062300,370,42699,12,750,7.49,11.24,1,11.24,2.4848156,0.75,3
2016,1,4,2670,-13295,52,1062300,370,42699,12,750,7.49,11.24,12,134.88,5.1778355000000005,9.0,100
2016,1,4,2653,-13183,92,1062300,370,42699,12,750,7.49,11.24,2,22.48,3.221316,1.5,100
2016,1,4,2460,-15095,100,1062300,370,42699,12,750,7.49,11.24,2,22.48,3.221316,1.5,100
2016,1,4,2618,-13134,57,1062300,370,42699,12,750,7.49,11.24,2,22.48,3.221316,1.5,6
2016,1,4,2190,-15222,77,1062300,370,42699,12,750,7.49,11.24,2,22.48,3.221316,1.5,100
2016,1,4,2569,-13134,57,1062300,370,42699,12,750,7.49,11.24,2,22.48,3.221316,1.5,2
2016,1,4,3525,-13183,92,1062300,370,42699,12,750,7.49,11.24,1,11.24,2.4848156,0.75,100
2016,1,4,4845,-13135,57,1012100,115,11774,24,375,3.07,4.61,48,221.28,5.732092400000001,18.0,100
2016,1,4,2647,-13125,57,1012100,115,11774,24,375,3.07,4.61,3,13.83,2.703974,1.12,7
2016,1,4,2191,-12904,56,1062300,370,42712,12,500,4.95,7.43,1,7.43,2.0502813,0.5,100
2016,1,4,4967,-12810,82,1012100,115,11774,24,375,3.07,4.61,4,18.44,3.0096781000000004,1.5,100
2016,1,4,2573,-12775,70,1012100,115,11774,24,375,3.07,4.61,12,55.32,4.195020700000001,4.5,100
2016,1,4,4543,-13234,57,1012100,115,11774,24,375,3.07,4.61,24,110.64,4.9577160000000005,9.0,2924
2016,1,4,4152,-13981,43,1062300,370,42699,12,750,7.49,11.24,3,33.72,3.6573597999999996,2.25,100
2016,1,4,4596,-15219,77,1012100,115,11774,24,375,3.07,4.61,24,110.64,4.9577160000000005,9.0,534
2016,1,4,3403,-12798,58,1012100,115,11774,24,375,3.07,4.61,24,110.64,4.9577160000000005,9.0,100
2016,1,4,4504,-15411,91,1012100,115,11774,24,375,3.07,4.61,24,110.64,4.9577160000000005,9.0,921
2016,1,4,4845,-13135,57,1012100,115,11773,48,200,1.56,2.34,48,112.32,4.9744269999999995,9.6,100
2016,1,4,2647,-13125,57,1012100,115,11773,48,200,1.56,2.34,3,7.02,1.9910033999999999,0.6,7
2016,1,4,2643,-14835,7,1031200,380,41707,12,1000,5.78,8.67,2,17.34,2.9441564,2.0,100
2016,1,4,2538,-14834,7,1062300,370,42703,12,750,7.49,11.24,12,134.88,5.1778355000000005,9.0,3
2016,1,4,2648,-15271,77,1012100,115,11773,48,200,1.56,2.34,48,112.32,4.9744269999999995,9.6,4
2016,1,4,4698,-12980,51,1012100,115,11773,48,200,1.56,2.34,96,224.64,5.74906,19.2,100
2016,1,4,2584,-12909,56,1062300,370,42703,12,750,7.49,11.24,4,44.96,3.9690974000000003,3.0,100
2016,1,4,5102,-13222,57,1062300,370,42703,12,750,7.49,11.24,3,33.72,3.6573597999999996,2.25,100
2016,1,4,2590,-13134,57,1012100,115,11773,48,200,1.56,2.34,5,11.7,2.5271297,1.0,5
2016,1,4,3400,-15219,77,1012100,115,11773,48,200,1.56,2.34,48,112.32,4.9744269999999995,9.6,100
2016,1,4,2588,-13133,57,1012100,115,11773,48,200,1.56,2.34,6,14.04,2.7199404,1.2,6
2016,1,4,4180,-13234,57,1012100,115,11773,48,200,1.56,2.34,48,112.32,4.9744269999999995,9.6,100
2016,1,4,2653,-13183,92,1062300,370,42703,12,750,7.49,11.24,2,22.48,3.221316,1.5,100
2016,1,4,3628,-13134,57,1062300,370,42703,12,750,7.49,11.24,12,134.88,5.1778355000000005,9.0,100
2016,1,4,5077,-14035,78,1062300,370,42703,12,750,7.49,11.24,12,134.88,5.1778355000000005,9.0,100
2016,1,4,3811,-12904,56,1062300,370,42703,12,750,7.49,11.24,12,134.88,5.1778355000000005,9.0,100
2016,1,4,3618,-13132,57,1062300,370,42703,12,750,7.49,11.24,12,134.88,5.1778355000000005,9.0,100
2016,1,4,2558,-12895,44,1012100,115,11774,24,375,3.07,4.61,24,110.64,4.9577160000000005,9.0,100
2016,1,4,3644,-15527,77,1062300,370,42703,12,750,7.49,11.24,12,134.88,5.1778355000000005,9.0,100
2016,1,4,2517,-15328,50,1012100,115,11774,24,375,3.07,4.61,10,46.1,3.996324,3.75,1
2016,1,4,3461,-15286,1,1012100,115,11774,24,375,3.07,4.61,24,110.64,4.9577160000000005,9.0,100
2016,1,4,2560,-13234,57,1062300,370,42703,12,750,7.49,11.24,6,67.44,4.41182,4.5,100
2016,1,4,4016,-14915,38,1062300,370,42703,12,750,7.49,11.24,1,11.24,2.4848156,0.75,100
2016,1,4,2527,-15221,77,1062300,370,42703,12,750,7.49,11.24,2,22.48,3.221316,1.5,5
2016,1,4,4622,-15216,77,1012100,115,11774,24,375,3.07,4.61,6,27.66,3.4438313999999997,2.25,544
2016,1,4,4580,-13183,92,1012100,115,11774,24,375,3.07,4.61,9,41.49,3.8818623999999997,3.38,100
2016,1,4,4379,-15270,77,1012100,115,11774,24,375,3.07,4.61,6,27.66,3.4438313999999997,2.25,100
2016,1,4,4859,-12935,29,1012100,115,11774,24,375,3.07,4.61,24,110.64,4.9577160000000005,9.0,6604
2016,1,4,4644,-12733,82,1012100,115,11774,24,375,3.07,4.61,10,46.1,3.996324,3.75,588
2016,1,4,4641,-15221,77,1012100,115,11774,24,375,3.07,4.61,9,41.49,3.8818623999999997,3.38,573
2016,1,4,3907,-12775,70,1012100,115,11774,24,375,3.07,4.61,2,9.22,2.27637,0.75,100
2016,1,4,4361,-15223,77,1012100,115,11774,24,375,3.07,4.61,8,36.88,3.7542176,3.0,100
2016,1,4,5072,-12895,44,1012100,115,11774,24,375,3.07,4.61,24,110.64,4.9577160000000005,9.0,100
2016,1,4,2633,-15216,77,1081700,305,42599,6,750,18.34,27.51,6,165.06,5.403185400000001,4.5,100
2016,1,4,2590,-13134,57,1062050,389,42666,12,750,9.98,14.97,2,29.94,3.5290953999999997,1.5,5
2016,1,4,2643,-14835,7,1062050,389,42666,12,750,9.98,14.97,3,44.91,3.9678879,2.25,100
2016,1,4,2647,-13125,57,1062300,91,42566,12,750,9.51,14.27,3,42.81,3.9158595000000003,2.25,7
2016,1,4,2601,-12980,51,1062300,91,42566,12,750,9.51,14.27,12,171.24,5.444314,9.0,100
2016,1,4,2191,-12904,56,1062300,91,42566,12,750,9.51,14.27,1,14.27,2.7371619,0.75,100
2016,1,4,2662,-12775,70,1062050,389,42507,12,750,14.99,22.49,2,44.98,3.969581,1.5,100
2016,1,4,4166,-14888,10,1062200,35,42370,12,750,12.5,18.75,1,18.75,3.0274532,0.75,100
2016,1,4,4482,-15411,91,1062300,370,42312,12,750,8.49,12.74,2,25.48,3.3556175,1.5,929
2016,1,4,2190,-15222,77,1062300,370,42312,12,750,8.49,12.74,2,25.48,3.3556175,1.5,100
2016,1,4,2538,-14834,7,1062050,305,42244,12,750,9.42,14.13,1,14.13,2.726712,0.75,3
2016,1,4,2521,-15271,77,1062050,305,42242,12,750,9.42,14.13,2,28.26,3.4669175,1.5,100
2016,1,4,2573,-12775,70,1062050,305,42242,12,750,9.42,14.13,2,28.26,3.4669175,1.5,100
2016,1,4,2538,-14834,7,1062050,305,42242,12,750,9.42,14.13,2,28.26,3.4669175,1.5,3
2016,1,4,2512,-13296,52,1062050,305,42240,12,750,9.42,14.13,2,28.26,3.4669175,1.5,100
2016,1,4,2538,-14834,7,1062050,305,42240,12,750,9.42,14.13,3,42.39,3.9051546999999998,2.25,3
2016,1,4,2538,-14834,7,1062050,305,42204,12,750,9.42,14.13,1,14.13,2.726712,0.75,3
2016,1,4,5054,-13449,28,1062300,305,42177,12,500,5.05,7.58,3,22.74,3.2336294999999997,1.5,100
2016,1,4,2538,-14834,7,1081700,370,42175,12,750,7.49,11.24,12,134.88,5.1778355000000005,9.0,3
2016,1,4,3562,-12881,29,1081700,370,42175,12,750,7.49,11.24,12,134.88,5.1778355000000005,9.0,100
2016,1,4,3868,-13234,57,1081700,370,42175,12,750,7.49,11.24,12,134.88,5.1778355000000005,9.0,100
2016,1,4,3690,-14834,7,1081700,370,42175,12,750,7.49,11.24,12,134.88,5.1778355000000005,9.0,100
2016,1,4,2633,-15216,77,1062100,260,42167,12,1000,12.5,18.75,12,225.0,5.750863,12.0,100
2016,1,4,3773,-13135,57,1062100,260,42167,12,1000,12.5,18.75,3,56.25,4.213229,3.0,100
2016,1,4,2191,-12904,56,1062100,260,42167,12,1000,12.5,18.75,1,18.75,3.0274532,1.0,100
2016,1,4,2605,-13134,57,1062100,260,42166,12,750,10.0,15.0,2,30.0,3.5312523999999996,1.5,5
2016,1,4,2588,-13133,57,1062100,260,42166,12,750,10.0,15.0,3,45.0,3.9700642,2.25,6
2016,1,4,2512,-13296,52,1062100,260,42166,12,750,10.0,15.0,4,60.0,4.2837806,3.0,100
2016,1,4,2648,-15271,77,1062100,260,42166,12,750,10.0,15.0,6,90.0,4.7293134000000006,4.5,4
2016,1,4,3562,-12881,29,1062300,370,42676,12,750,7.49,11.24,12,134.88,5.1778355000000005,9.0,100
2016,1,4,4152,-13981,43,1062100,260,42166,12,750,10.0,15.0,5,75.0,4.528485,3.75,100
2016,1,4,3868,-13234,57,1062300,370,42676,12,750,7.49,11.24,12,134.88,5.1778355000000005,9.0,100
2016,1,4,5149,-12935,29,1062300,370,42676,12,750,7.49,11.24,4,44.96,3.9690974000000003,3.0,100
2016,1,4,4696,-15270,77,1012100,115,11774,24,375,3.07,4.61,8,36.88,3.7542176,3.0,517
2016,1,4,2627,-15226,77,1012100,115,11774,24,375,3.07,4.61,24,110.64,4.9577160000000005,9.0,1
2016,1,4,4773,-15271,77,1012100,115,11774,24,375,3.07,4.61,3,13.83,2.703974,1.12,100
2016,1,4,4698,-12980,51,1012100,115,11774,24,375,3.07,4.61,48,221.28,5.732092400000001,18.0,100
2016,1,4,2521,-15271,77,1012100,115,11774,24,375,3.07,4.61,24,110.64,4.9577160000000005,9.0,100
2016,1,4,4312,-14035,78,1012100,115,11774,24,375,3.07,4.61,2,9.22,2.27637,0.75,100
2016,1,4,2613,-14035,78,1012100,115,11774,24,375,3.07,4.61,4,18.44,3.0096781000000004,1.5,1
2016,1,4,2613,-14035,78,1062300,370,42687,12,750,7.99,11.99,4,47.96,4.0393634,3.0,1
2016,1,4,3918,-12734,82,1012100,115,11774,24,375,3.07,4.61,24,110.64,4.9577160000000005,9.0,100
2016,1,4,4180,-13234,57,1012100,115,11774,24,375,3.07,4.61,24,110.64,4.9577160000000005,9.0,100
2016,1,4,2588,-13133,57,1012100,115,11774,24,375,3.07,4.61,12,55.32,4.195020700000001,4.5,6
2016,1,4,2549,-15411,91,1062300,370,42687,12,750,7.99,11.99,12,143.88,5.249815,9.0,100
2016,1,4,2535,-15271,77,1012100,115,11774,24,375,3.07,4.61,6,27.66,3.4438313999999997,2.25,1
2016,1,4,4874,-12895,44,1062300,370,42687,12,750,7.99,11.99,1,11.99,2.5529778,0.75,100
2016,1,4,2538,-14834,7,1062300,370,42687,12,750,7.99,11.99,2,23.98,3.2905222999999997,1.5,3
2016,1,4,4617,-15219,77,1062300,370,42687,12,750,7.99,11.99,2,23.98,3.2905222999999997,1.5,100
2016,1,4,3400,-15219,77,1012100,115,11774,24,375,3.07,4.61,24,110.64,4.9577160000000005,9.0,100
2016,1,4,4819,-15527,77,1012100,115,11774,24,375,3.07,4.61,2,9.22,2.27637,0.75,100
2016,1,4,2590,-13134,57,1012100,115,11774,24,375,3.07,4.61,8,36.88,3.7542176,3.0,5
2016,1,4,2190,-15222,77,1062300,370,42687,12,750,7.99,11.99,2,23.98,3.2905222999999997,1.5,100
2016,1,4,2527,-15221,77,1062300,370,42687,12,750,7.99,11.99,2,23.98,3.2905222999999997,1.5,5
2016,1,4,4621,-15375,85,1062300,370,42687,12,750,7.99,11.99,12,143.88,5.249815,9.0,23
2016,1,4,2521,-15271,77,1062300,370,42676,12,750,7.49,11.24,12,134.88,5.1778355000000005,9.0,100
2016,1,4,2648,-15271,77,1062300,370,42676,12,750,7.49,11.24,3,33.72,3.6573597999999996,2.25,4
2016,1,4,4000,-13957,43,1062300,370,42676,12,750,7.49,11.24,3,33.72,3.6573597999999996,2.25,100
2016,1,4,2538,-14834,7,1062300,370,42676,12,750,7.49,11.24,2,22.48,3.221316,1.5,3
2016,1,4,2670,-13295,52,1062300,370,42676,12,750,7.49,11.24,12,134.88,5.1778355000000005,9.0,100
2016,1,4,3747,-12945,54,1062300,370,42676,12,750,7.49,11.24,1,11.24,2.4848156,0.75,100
2016,1,4,2190,-15222,77,1062300,370,42676,12,750,7.49,11.24,2,22.48,3.221316,1.5,100
2016,1,4,2560,-13234,57,1062300,370,42676,12,750,7.49,11.24,6,67.44,4.41182,4.5,100
2016,1,4,4166,-14888,10,1031200,380,41707,12,1000,5.78,8.67,1,8.67,2.211837,1.0,100
2016,1,4,3628,-13134,57,1031200,380,41692,6,1750,10.99,16.49,6,98.94,4.833948,10.5,100
2016,1,4,4869,-13484,22,1031200,380,41707,12,1000,5.78,8.67,2,17.34,2.9441564,2.0,100
2016,1,4,2627,-15226,77,1031200,380,41692,6,1750,10.99,16.49,6,98.94,4.833948,10.5,1
2016,1,4,4000,-13957,43,1031200,380,41692,6,1750,10.99,16.49,1,16.49,2.8906791000000003,1.75,100
2016,1,4,2554,-12734,82,1031200,380,41692,6,1750,10.99,16.49,6,98.94,4.833948,10.5,100
2016,1,4,4874,-12895,44,1031200,380,41692,6,1750,10.99,16.49,1,16.49,2.8906791000000003,1.75,100
2016,1,4,2643,-14835,7,1031200,380,41692,6,1750,10.99,16.49,2,32.98,3.6333961,3.5,100
2016,1,4,3972,-15414,42,1031200,380,41692,6,1750,10.99,16.49,1,16.49,2.8906791000000003,1.75,100
2016,1,4,3917,-12732,82,1031200,380,41692,6,1750,10.99,16.49,1,16.49,2.8906791000000003,1.75,100
2016,1,4,2591,-15514,15,1031200,380,41692,6,1750,10.99,16.49,6,98.94,4.833948,10.5,100
2016,1,4,4617,-15219,77,1031200,380,41692,6,1750,10.99,16.49,2,32.98,3.6333961,3.5,100
2016,1,4,3562,-12881,29,1031200,380,41692,6,1750,10.99,16.49,6,98.94,4.833948,10.5,100
2016,1,4,3899,-15270,77,1031200,380,41692,6,1750,10.99,16.49,6,98.94,4.833948,10.5,100
2016,1,4,3868,-13234,57,1031200,380,41692,6,1750,10.99,16.49,6,98.94,4.833948,10.5,100
2016,1,4,3644,-15527,77,1031200,380,41692,6,1750,10.99,16.49,6,98.94,4.833948,10.5,100
2016,1,4,2647,-13125,57,1031200,380,41692,6,1750,10.99,16.49,12,197.88,5.606429,21.0,7
2016,1,4,3618,-13132,57,1031200,380,41692,6,1750,10.99,16.49,6,98.94,4.833948,10.5,100
2016,1,4,2539,-15410,42,1031200,380,41692,6,1750,10.99,16.49,6,98.94,4.833948,10.5,100
2016,1,4,4222,-14829,7,1031200,380,41692,6,1750,10.99,16.49,2,32.98,3.6333961,3.5,100
2016,1,4,2636,-15219,77,1031200,380,41692,6,1750,10.99,16.49,6,98.94,4.833948,10.5,100
2016,1,4,2506,-12935,29,1031200,380,41692,6,1750,10.99,16.49,6,98.94,4.833948,10.5,1044
2016,1,4,4684,-15411,91,1031200,380,41692,6,1750,10.99,16.49,6,98.94,4.833948,10.5,928
2016,1,4,3525,-13183,92,1031200,380,41692,6,1750,10.99,16.49,6,98.94,4.833948,10.5,100
2016,1,4,2517,-15328,50,1031200,380,41692,6,1750,10.99,16.49,6,98.94,4.833948,10.5,1
2016,1,4,4856,-13283,57,1031200,380,41692,6,1750,10.99,16.49,6,98.94,4.833948,10.5,100
2016,1,4,4560,-13999,83,1031200,380,41688,12,750,6.5,9.75,6,58.5,4.256092,4.5,2914
2016,1,4,2448,-15411,91,1031200,380,41688,12,750,6.5,9.75,1,9.75,2.3350883,0.75,100
2016,1,4,5095,-14026,78,1031200,380,41688,12,750,6.5,9.75,12,117.0,5.019722499999999,9.0,100
2016,1,4,2588,-13133,57,1031200,380,41681,6,1750,10.99,16.49,6,98.94,4.833948,10.5,6
2016,1,4,2549,-15411,91,1031200,380,41681,6,1750,10.99,16.49,6,98.94,4.833948,10.5,100
2016,1,4,3811,-12904,56,1031200,380,41692,6,1750,10.99,16.49,6,98.94,4.833948,10.5,100
2016,1,4,3400,-15219,77,1031200,380,41692,6,1750,10.99,16.49,6,98.94,4.833948,10.5,100
2016,1,4,3952,-12814,82,1062300,35,43066,12,750,8.26,12.39,1,12.39,2.587644,0.75,100
2016,1,4,4749,-12732,82,1031200,380,41693,12,750,6.5,9.75,12,117.0,5.019722499999999,9.0,5239
2016,1,4,4604,-15328,50,1031200,380,41693,12,750,6.5,9.75,3,29.25,3.5039816,2.25,100
2016,1,4,2662,-12775,70,1031200,380,41693,12,750,6.5,9.75,6,58.5,4.256092,4.5,100
2016,1,4,5001,-14892,10,1031200,380,41693,12,750,6.5,9.75,3,29.25,3.5039816,2.25,100
2016,1,4,4138,-15411,91,1031200,380,41693,12,750,6.5,9.75,12,117.0,5.019722499999999,9.0,657
2016,1,4,2506,-12935,29,1031200,380,41693,12,750,6.5,9.75,12,117.0,5.019722499999999,9.0,1044
2016,1,4,5075,-15329,62,1031200,380,41693,12,750,6.5,9.75,3,29.25,3.5039816,2.25,100
2016,1,4,2527,-15221,77,1031200,380,41693,12,750,6.5,9.75,12,117.0,5.019722499999999,9.0,5
2016,1,4,4222,-14829,7,1031200,380,41693,12,750,6.5,9.75,3,29.25,3.5039816,2.25,100
2016,1,4,3934,-13476,49,1031200,380,41693,12,750,6.5,9.75,12,117.0,5.019722499999999,9.0,100
2016,1,4,3651,-15411,91,1031200,380,41693,12,750,6.5,9.75,12,117.0,5.019722499999999,9.0,100
2016,1,4,3790,-12895,44,1031200,380,41693,12,750,6.5,9.75,12,117.0,5.019722499999999,9.0,100
2016,1,4,4019,-13479,28,1031200,380,41693,12,750,6.5,9.75,12,117.0,5.019722499999999,9.0,100
2016,1,4,3859,-14892,10,1031200,380,41693,12,750,6.5,9.75,12,117.0,5.019722499999999,9.0,100
2016,1,4,3811,-12904,56,1031200,380,41693,12,750,6.5,9.75,12,117.0,5.019722499999999,9.0,100
2016,1,4,4021,-12980,51,1031200,380,41693,12,750,6.5,9.75,12,117.0,5.019722499999999,9.0,100
2016,1,4,3886,-13331,53,1031200,380,41693,12,750,6.5,9.75,12,117.0,5.019722499999999,9.0,100
2016,1,4,3618,-13132,57,1031200,380,41693,12,750,6.5,9.75,12,117.0,5.019722499999999,9.0,100
2016,1,4,3563,-12775,70,1031200,380,41693,12,750,6.5,9.75,12,117.0,5.019722499999999,9.0,100
2016,1,4,5091,-12775,70,1031200,380,41693,12,750,6.5,9.75,4,39.0,3.8147485,3.0,436
2016,1,4,4303,-12899,29,1031200,380,41693,12,750,6.5,9.75,3,29.25,3.5039816,2.25,100
2016,1,4,4746,-12775,70,1031200,380,41693,12,750,6.5,9.75,12,117.0,5.019722499999999,9.0,5885
2016,1,4,4504,-15411,91,1031200,380,41693,12,750,6.5,9.75,12,117.0,5.019722499999999,9.0,921
2016,1,4,4619,-12909,56,1031200,380,41693,12,750,6.5,9.75,1,9.75,2.3350883,0.75,100
2016,1,4,3403,-12798,58,1031200,380,41693,12,750,6.5,9.75,4,39.0,3.8147485,3.0,100
2016,1,4,2569,-13134,57,1031200,380,41693,12,750,6.5,9.75,12,117.0,5.019722499999999,9.0,2
2016,1,4,2555,-12904,56,1031200,380,41693,12,750,6.5,9.75,12,117.0,5.019722499999999,9.0,100
2016,1,4,4250,-14909,42,1031200,380,41693,12,750,6.5,9.75,12,117.0,5.019722499999999,9.0,882
2016,1,4,3525,-13183,92,1031200,380,41693,12,750,6.5,9.75,1,9.75,2.3350883,0.75,100
2016,1,4,4284,-15410,42,1031200,380,41693,12,750,6.5,9.75,12,117.0,5.019722499999999,9.0,559
2016,1,4,2650,-13999,83,1031200,380,41681,6,1750,10.99,16.49,6,98.94,4.833948,10.5,100
2016,1,4,2613,-14035,78,1031200,380,41681,6,1750,10.99,16.49,6,98.94,4.833948,10.5,1
2016,1,4,2527,-15221,77,1031200,380,41681,6,1750,10.99,16.49,6,98.94,4.833948,10.5,5
2016,1,4,2662,-12775,70,1031200,259,41670,12,750,3.82,6.06,12,72.72,4.494559,9.0,100
2016,1,4,3805,-13452,82,1031200,380,41601,12,375,3.45,5.18,5,25.9,3.3731730000000004,1.88,100
2016,1,4,2506,-12935,29,1031200,380,41601,12,375,3.45,5.18,4,20.72,3.1341083,1.5,1044
2016,1,4,4222,-14829,7,1031200,380,41601,12,375,3.45,5.18,5,25.9,3.3731730000000004,1.88,100
2016,1,4,5095,-14026,78,1031200,380,41601,12,375,3.45,5.18,12,62.16,4.322485400000001,4.5,100
2016,1,4,5206,-14898,38,1031200,380,41601,12,375,3.45,5.18,4,20.72,3.1341083,1.5,100
2016,1,4,4596,-15219,77,1031200,380,41601,12,375,3.45,5.18,3,15.54,2.8276220000000003,1.12,534
2016,1,4,2555,-12904,56,1031200,380,41601,12,375,3.45,5.18,12,62.16,4.322485400000001,4.5,100
2016,1,4,4970,-12760,70,1031200,380,41601,12,375,3.45,5.18,2,10.36,2.3989232000000005,0.75,100
2016,1,4,4000,-13957,43,1031200,434,41500,12,1000,5.01,7.52,3,22.56,3.2251196,3.0,100
2016,1,4,4794,-12935,29,1031200,434,41500,12,1000,5.01,7.52,2,15.04,2.7929025000000003,2.0,100
2016,1,4,2636,-15219,77,1031200,434,41500,12,1000,5.01,7.52,12,90.24,4.732253,12.0,100
2016,1,4,3525,-13183,92,1031200,434,41500,12,1000,5.01,7.52,1,7.52,2.0628645,1.0,100
2016,1,4,5142,-13233,57,1031200,259,41413,12,750,3.82,6.06,2,12.12,2.5643667999999997,1.5,100
2016,1,4,2532,-15219,77,1031200,259,41413,12,750,3.82,6.06,12,72.72,4.494559,9.0,2
2016,1,4,5013,-12814,82,1031200,259,41413,12,750,3.82,6.06,3,18.18,2.994543,2.25,100
2016,1,4,4482,-15411,91,1031200,380,41360,12,750,6.5,9.75,2,19.5,3.0692956000000002,1.5,929
2016,1,4,2538,-14834,7,1031200,380,41360,12,750,6.5,9.75,12,117.0,5.019722499999999,9.0,3
2016,1,4,4166,-14888,10,1031200,380,41360,12,750,6.5,9.75,1,9.75,2.3350883,0.75,100
2016,1,4,3907,-12775,70,1031200,380,41360,12,750,6.5,9.75,1,9.75,2.3350883,0.75,100
2016,1,4,2584,-12909,56,1031200,380,41360,12,750,6.5,9.75,4,39.0,3.8147485,3.0,100
2016,1,4,4794,-12935,29,1031200,380,41360,12,750,6.5,9.75,2,19.5,3.0692956000000002,1.5,100
2016,1,4,4617,-15219,77,1031200,380,41360,12,750,6.5,9.75,3,29.25,3.5039816,2.25,100
2016,1,4,3829,-13222,57,1031200,380,41360,12,750,6.5,9.75,3,29.25,3.5039816,2.25,100
2016,1,4,2643,-14835,7,1031200,259,41326,12,750,3.82,6.06,3,18.18,2.994543,2.25,100
2016,1,4,3972,-15414,42,1031200,259,41326,12,750,3.82,6.06,2,12.12,2.5643667999999997,1.5,100
2016,1,4,2528,-15221,77,1031200,259,41326,12,750,3.82,6.06,12,72.72,4.494559,9.0,3
2016,1,4,4152,-13981,43,1062300,370,42703,12,750,7.49,11.24,2,22.48,3.221316,1.5,100
2016,1,4,2605,-13134,57,1031200,259,41316,12,750,3.82,6.06,6,36.36,3.7388508000000003,4.5,5
2016,1,4,4223,-14829,7,1031200,259,41320,12,750,3.82,6.06,5,30.3,3.5419742999999997,3.75,100
2016,1,4,4993,-12904,56,1031200,380,41601,12,375,3.45,5.18,12,62.16,4.322485400000001,4.5,100
2016,1,4,3829,-13222,57,1031200,380,41693,12,750,6.5,9.75,5,48.75,4.057151999999999,3.75,100
2016,1,4,5001,-14892,10,1031200,380,41601,12,375,3.45,5.18,3,15.54,2.8276220000000003,1.12,100
2016,1,4,2613,-14035,78,1031200,380,41601,12,375,3.45,5.18,4,20.72,3.1341083,1.5,1
2016,1,4,4223,-14829,7,1031200,259,41670,12,750,3.82,6.06,2,12.12,2.5643667999999997,1.5,100
2016,1,4,2506,-12935,29,1031200,259,41670,12,750,3.82,6.06,12,72.72,4.494559,9.0,1044
2016,1,4,2613,-14035,78,1031200,380,41653,12,750,6.5,9.75,4,39.0,3.8147485,3.0,1
2016,1,4,2573,-12775,70,1031200,380,41653,12,750,6.5,9.75,12,117.0,5.019722499999999,9.0,100
2016,1,4,3829,-13222,57,1031200,380,41653,12,750,6.5,9.75,3,29.25,3.5039816,2.25,100
2016,1,4,2650,-13999,83,1031200,380,41625,6,1750,10.64,15.96,6,95.76,4.797829,10.5,100
2016,1,4,4152,-13981,43,1031200,380,41625,6,1750,10.64,15.96,1,15.96,2.855952,1.75,100
2016,1,4,2527,-15221,77,1031200,380,41625,6,1750,10.64,15.96,6,95.76,4.797829,10.5,5
2016,1,4,4067,-13180,90,1031200,380,41625,6,1750,10.64,15.96,6,95.76,4.797829,10.5,100
2016,1,4,3525,-13183,92,1031200,380,41625,6,1750,10.64,15.96,1,15.96,2.855952,1.75,100
2016,1,4,2535,-15271,77,1031200,380,41604,12,750,6.5,9.75,12,117.0,5.019722499999999,9.0,1
2016,1,4,4829,-15222,77,1031200,380,41604,12,750,6.5,9.75,36,351.0,6.2540793,27.0,100
2016,1,4,2588,-13133,57,1031200,380,41604,12,750,6.5,9.75,6,58.5,4.256092,4.5,6
2016,1,4,2633,-15216,77,1031200,380,41604,12,750,6.5,9.75,72,702.0,7.048311999999999,54.0,100
2016,1,4,2521,-15271,77,1031200,380,41604,12,750,6.5,9.75,12,117.0,5.019722499999999,9.0,100
2016,1,4,3952,-12814,82,1031200,380,41604,12,750,6.5,9.75,12,117.0,5.019722499999999,9.0,100
2016,1,4,2650,-13999,83,1031200,380,41604,12,750,6.5,9.75,12,117.0,5.019722499999999,9.0,100
2016,1,4,4000,-13957,43,1031200,380,41604,12,750,6.5,9.75,2,19.5,3.0692956000000002,1.5,100
2016,1,4,4495,-14898,38,1031200,380,41604,12,750,6.5,9.75,8,78.0,4.571619,6.0,3055
2016,1,4,3829,-13222,57,1031200,380,41604,12,750,6.5,9.75,4,39.0,3.8147485,3.0,100
2016,1,4,3747,-12945,54,1031200,380,41604,12,750,6.5,9.75,2,19.5,3.0692956000000002,1.5,100
2016,1,4,3612,-13476,49,1031200,380,41604,12,750,6.5,9.75,2,19.5,3.0692956000000002,1.5,100
2016,1,4,3805,-13452,82,1031200,380,41604,12,750,6.5,9.75,2,19.5,3.0692956000000002,1.5,100
2016,1,4,3549,-12909,56,1031200,380,41604,12,750,6.5,9.75,1,9.75,2.3350883,0.75,100
2016,1,4,2506,-12935,29,1031200,380,41604,12,750,6.5,9.75,12,117.0,5.019722499999999,9.0,1044
2016,1,4,2539,-15410,42,1031200,380,41604,12,750,6.5,9.75,2,19.5,3.0692956000000002,1.5,100
2016,1,4,2517,-15328,50,1031200,380,41604,12,750,6.5,9.75,4,39.0,3.8147485,3.0,1
2016,1,4,3385,-13134,57,1031200,380,41604,12,750,6.5,9.75,12,117.0,5.019722499999999,9.0,100
2016,1,4,5046,-12904,56,1031200,380,41601,12,375,3.45,5.18,12,62.16,4.322485400000001,4.5,100
2016,1,4,4361,-15223,77,1031200,380,41601,12,375,3.45,5.18,1,5.18,1.6748288,0.38,100
2016,1,4,2628,-14909,42,1031200,380,41693,12,750,6.5,9.75,12,117.0,5.019722499999999,9.0,100
2016,1,4,3612,-13476,49,1031200,380,41693,12,750,6.5,9.75,2,19.5,3.0692956000000002,1.5,100
2016,1,4,3805,-13452,82,1031200,380,41693,12,750,6.5,9.75,3,29.25,3.5039816,2.25,100
2016,1,4,2527,-15221,77,1031200,380,41701,12,750,6.5,9.75,12,117.0,5.019722499999999,9.0,5
2016,1,4,3385,-13134,57,1031200,380,41701,12,750,6.5,9.75,12,117.0,5.019722499999999,9.0,100
2016,1,4,2605,-13134,57,1031200,380,41698,12,750,6.5,9.75,5,48.75,4.057151999999999,3.75,5
2016,1,4,4829,-15222,77,1031200,380,41698,12,750,6.5,9.75,12,117.0,5.019722499999999,9.0,100
2016,1,4,2512,-13296,52,1031200,380,41698,12,750,6.5,9.75,5,48.75,4.057151999999999,3.75,100
2016,1,4,2650,-13999,83,1031200,380,41698,12,750,6.5,9.75,3,29.25,3.5039816,2.25,100
2016,1,4,2613,-14035,78,1031200,380,41698,12,750,6.5,9.75,12,117.0,5.019722499999999,9.0,1
2016,1,4,2633,-15216,77,1031200,380,41698,12,750,6.5,9.75,12,117.0,5.019722499999999,9.0,100
2016,1,4,4152,-13981,43,1031200,380,41698,12,750,6.5,9.75,1,9.75,2.3350883,0.75,100
2016,1,4,2538,-14834,7,1031200,380,41698,12,750,6.5,9.75,12,117.0,5.019722499999999,9.0,3
2016,1,4,4148,-14892,10,1031200,380,41698,12,750,6.5,9.75,2,19.5,3.0692956000000002,1.5,479
2016,1,4,3972,-15414,42,1031200,380,41698,12,750,6.5,9.75,2,19.5,3.0692956000000002,1.5,100
2016,1,4,2573,-12775,70,1031200,380,41698,12,750,6.5,9.75,6,58.5,4.256092,4.5,100
2016,1,4,4604,-15328,50,1031200,380,41698,12,750,6.5,9.75,1,9.75,2.3350883,0.75,100
2016,1,4,3612,-13476,49,1031200,380,41698,12,750,6.5,9.75,2,19.5,3.0692956000000002,1.5,100
2016,1,4,2514,-15407,57,1031200,380,41698,12,750,6.5,9.75,6,58.5,4.256092,4.5,100
2016,1,4,2590,-13134,57,1031200,380,41696,12,750,6.5,9.75,2,19.5,3.0692956000000002,1.5,5
2016,1,4,2448,-15411,91,1031200,380,41696,12,750,6.5,9.75,2,19.5,3.0692956000000002,1.5,100
2016,1,4,4829,-15222,77,1031200,380,41696,12,750,6.5,9.75,2,19.5,3.0692956000000002,1.5,100
2016,1,4,2648,-15271,77,1031200,380,41696,12,750,6.5,9.75,3,29.25,3.5039816,2.25,4
2016,1,4,2573,-12775,70,1031200,380,41696,12,750,6.5,9.75,6,58.5,4.256092,4.5,100
2016,1,4,2584,-12909,56,1031200,380,41696,12,750,6.5,9.75,2,19.5,3.0692956000000002,1.5,100
2016,1,4,5071,-12789,16,1031200,380,41696,12,750,6.5,9.75,1,9.75,2.3350883,0.75,100
2016,1,4,4000,-13957,43,1031200,380,41696,12,750,6.5,9.75,2,19.5,3.0692956000000002,1.5,100
2016,1,4,5070,-12758,70,1031200,380,41696,12,750,6.5,9.75,2,19.5,3.0692956000000002,1.5,100
2016,1,4,4794,-12935,29,1031200,380,41696,12,750,6.5,9.75,2,19.5,3.0692956000000002,1.5,100
2016,1,4,3162,-12775,70,1031200,380,41696,12,750,6.5,9.75,3,29.25,3.5039816,2.25,100
2016,1,4,3612,-13476,49,1031200,380,41696,12,750,6.5,9.75,3,29.25,3.5039816,2.25,100
2016,1,4,3805,-13452,82,1031200,380,41696,12,750,6.5,9.75,2,19.5,3.0692956000000002,1.5,100
2016,1,4,4306,-15095,35,1031200,380,41701,12,750,6.5,9.75,1,9.75,2.3350883,0.75,100
2016,1,4,4604,-15328,50,1031200,380,41696,12,750,6.5,9.75,2,19.5,3.0692956000000002,1.5,100
2016,1,4,2628,-14909,42,1031200,380,41701,12,750,6.5,9.75,12,117.0,5.019722499999999,9.0,100
2016,1,4,4619,-12909,56,1031200,380,41704,12,750,6.5,9.75,2,19.5,3.0692956000000002,1.5,100
2016,1,4,2539,-15410,42,1031200,380,41707,12,1000,5.78,8.67,12,104.04,4.8895683,12.0,100
2016,1,4,3525,-13183,92,1031200,380,41707,12,1000,5.78,8.67,1,8.67,2.211837,1.0,100
2016,1,4,2633,-15216,77,1031200,380,41705,12,1000,7.5,11.25,12,135.0,5.1788254,12.0,100
2016,1,4,4152,-13981,43,1031200,380,41705,12,1000,7.5,11.25,1,11.25,2.4857533,1.0,100
2016,1,4,2670,-13295,52,1031200,380,41705,12,1000,7.5,11.25,12,135.0,5.1788254,12.0,100
2016,1,4,3712,-15365,79,1031200,380,41705,12,1000,7.5,11.25,2,22.5,3.2222682999999996,2.0,100
2016,1,4,2459,-15421,39,1031200,380,41705,12,1000,7.5,11.25,3,33.75,3.6583203999999996,3.0,100
2016,1,4,4303,-12899,29,1031200,380,41705,12,1000,7.5,11.25,1,11.25,2.4857533,1.0,100
2016,1,4,3465,-15320,39,1031200,380,41705,12,1000,7.5,11.25,4,45.0,3.9700642,4.0,100
2016,1,4,4296,-12971,89,1062300,260,43232,12,750,7.49,11.24,1,11.24,2.4848156,0.75,100
2016,1,4,2535,-15271,77,1031200,380,41704,12,750,6.5,9.75,12,117.0,5.019722499999999,9.0,1
2016,1,4,2512,-13296,52,1031200,380,41704,12,750,6.5,9.75,12,117.0,5.019722499999999,9.0,100
2016,1,4,4313,-15514,15,1031200,380,41704,12,750,6.5,9.75,12,117.0,5.019722499999999,9.0,940
2016,1,4,4000,-13957,43,1031200,380,41704,12,750,6.5,9.75,2,19.5,3.0692956000000002,1.5,100
2016,1,4,4641,-15221,77,1031200,380,41704,12,750,6.5,9.75,3,29.25,3.5039816,2.25,573
2016,1,4,4874,-12895,44,1031200,380,41704,12,750,6.5,9.75,1,9.75,2.3350883,0.75,100
2016,1,4,3917,-12732,82,1031200,380,41704,12,750,6.5,9.75,1,9.75,2.3350883,0.75,100
2016,1,4,4972,-13377,22,1031200,380,41704,12,750,6.5,9.75,1,9.75,2.3350883,0.75,100
2016,1,4,5001,-14892,10,1031200,380,41704,12,750,6.5,9.75,1,9.75,2.3350883,0.75,100
2016,1,4,4806,-12760,70,1031200,380,41704,12,750,6.5,9.75,12,117.0,5.019722499999999,9.0,100
2016,1,4,4306,-15095,35,1031200,380,41704,12,750,6.5,9.75,1,9.75,2.3350883,0.75,100
2016,1,4,3563,-12775,70,1031200,380,41704,12,750,6.5,9.75,12,117.0,5.019722499999999,9.0,100
2016,1,4,5108,-12814,82,1031200,380,41704,12,750,6.5,9.75,2,19.5,3.0692956000000002,1.5,100
2016,1,4,4016,-14915,38,1031200,380,41704,12,750,6.5,9.75,1,9.75,2.3350883,0.75,100
2016,1,4,5075,-15329,62,1031200,380,41704,12,750,6.5,9.75,2,19.5,3.0692956000000002,1.5,100
2016,1,4,4258,-12935,29,1031200,380,41704,12,750,6.5,9.75,2,19.5,3.0692956000000002,1.5,9
2016,1,4,5091,-12775,70,1031200,380,41704,12,750,6.5,9.75,2,19.5,3.0692956000000002,1.5,436
2016,1,4,3525,-13183,92,1031200,380,41704,12,750,6.5,9.75,1,9.75,2.3350883,0.75,100
2016,1,4,3403,-12798,58,1031200,380,41704,12,750,6.5,9.75,5,48.75,4.057151999999999,3.75,100
2016,1,4,2670,-13295,52,1031200,380,41701,12,750,6.5,9.75,3,29.25,3.5039816,2.25,100
2016,1,4,3612,-13476,49,1031200,380,41707,12,1000,5.78,8.67,3,26.01,3.3777246,3.0,100
2016,1,4,5054,-13449,28,1031200,380,41696,12,750,6.5,9.75,2,19.5,3.0692956000000002,1.5,100
2016,1,4,3591,-14935,100,1031200,380,41694,12,1000,7.5,11.25,12,135.0,5.1788254,12.0,100
2016,1,4,2605,-13134,57,1031200,380,41693,12,750,6.5,9.75,12,117.0,5.019722499999999,9.0,5
2016,1,4,2648,-15271,77,1031200,380,41693,12,750,6.5,9.75,12,117.0,5.019722499999999,9.0,4
2016,1,4,3871,-15270,77,1031200,380,41693,12,750,6.5,9.75,12,117.0,5.019722499999999,9.0,100
2016,1,4,2521,-15271,77,1031200,380,41693,12,750,6.5,9.75,12,117.0,5.019722499999999,9.0,100
2016,1,4,2512,-13296,52,1031200,380,41693,12,750,6.5,9.75,12,117.0,5.019722499999999,9.0,100
2016,1,4,2647,-13125,57,1031200,380,41693,12,750,6.5,9.75,12,117.0,5.019722499999999,9.0,7
2016,1,4,3784,-14892,10,1031200,380,41693,12,750,6.5,9.75,3,29.25,3.5039816,2.25,14
2016,1,4,4543,-13234,57,1031200,380,41693,12,750,6.5,9.75,12,117.0,5.019722499999999,9.0,2924
2016,1,4,4519,-15270,77,1031200,380,41693,12,750,6.5,9.75,12,117.0,5.019722499999999,9.0,2923
2016,1,4,4401,-13234,57,1011200,65,19064,24,375,4.98,7.47,5,37.35,3.7679257000000006,1.88,503
2016,1,4,4495,-14898,38,1031200,380,41693,12,750,6.5,9.75,8,78.0,4.571619,6.0,3055
2016,1,4,2573,-12775,70,1031200,380,41693,12,750,6.5,9.75,12,117.0,5.019722499999999,9.0,100
2016,1,4,4641,-15221,77,1031200,380,41693,12,750,6.5,9.75,3,29.25,3.5039816,2.25,573
2016,1,4,3907,-12775,70,1031200,380,41693,12,750,6.5,9.75,2,19.5,3.0692956000000002,1.5,100
2016,1,4,2601,-12980,51,1031200,380,41693,12,750,6.5,9.75,12,117.0,5.019722499999999,9.0,100
2016,1,4,5163,-12895,44,1031200,380,41693,12,750,6.5,9.75,2,19.5,3.0692956000000002,1.5,100
2016,1,4,2584,-12909,56,1031200,380,41693,12,750,6.5,9.75,12,117.0,5.019722499999999,9.0,100
2016,1,4,4166,-14888,10,1031200,380,41693,12,750,6.5,9.75,2,19.5,3.0692956000000002,1.5,100
2016,1,4,4874,-12895,44,1031200,380,41693,12,750,6.5,9.75,2,19.5,3.0692956000000002,1.5,100
2016,1,4,2538,-14834,7,1031200,380,41693,12,750,6.5,9.75,12,117.0,5.019722499999999,9.0,3
2016,1,4,2554,-12734,82,1031200,380,41693,12,750,6.5,9.75,12,117.0,5.019722499999999,9.0,100
2016,1,4,4313,-15514,15,1031200,380,41693,12,750,6.5,9.75,12,117.0,5.019722499999999,9.0,940
2016,1,4,4000,-13957,43,1031200,380,41693,12,750,6.5,9.75,4,39.0,3.8147485,3.0,100
2016,1,4,3917,-12732,82,1031200,380,41693,12,750,6.5,9.75,2,19.5,3.0692956000000002,1.5,100
2016,1,4,2653,-13183,92,1031200,380,41693,12,750,6.5,9.75,6,58.5,4.256092,4.5,100
2016,1,4,4184,-12775,70,1031200,380,41693,12,750,6.5,9.75,4,39.0,3.8147485,3.0,998
2016,1,4,4794,-12935,29,1031200,380,41693,12,750,6.5,9.75,12,117.0,5.019722499999999,9.0,100
2016,1,4,4876,-13303,57,1031200,380,41693,12,750,6.5,9.75,12,117.0,5.019722499999999,9.0,100
2016,1,4,4757,-15501,77,1031200,380,41693,12,750,6.5,9.75,3,29.25,3.5039816,2.25,100
2016,1,4,2588,-13133,57,1031200,380,41693,12,750,6.5,9.75,6,58.5,4.256092,4.5,6
2016,1,4,2191,-12904,56,1031200,380,41696,12,750,6.5,9.75,4,39.0,3.8147485,3.0,100
2016,1,4,4487,-13134,57,1031200,380,41693,12,750,6.5,9.75,12,117.0,5.019722499999999,9.0,2787
2016,1,4,4983,-12881,29,1031200,380,41693,12,750,6.5,9.75,12,117.0,5.019722499999999,9.0,100
2016,1,4,4829,-15222,77,1031200,380,41694,12,1000,7.5,11.25,24,270.0,5.9565887,24.0,100
2016,1,4,2448,-15411,91,1031200,380,41694,12,1000,7.5,11.25,2,22.5,3.2222682999999996,2.0,100
2016,1,4,3784,-14892,10,1031200,380,41694,12,1000,7.5,11.25,12,135.0,5.1788254,12.0,14
2016,1,4,4312,-14035,78,1031200,380,41694,12,1000,7.5,11.25,24,270.0,5.9565887,24.0,100
2016,1,4,2613,-14035,78,1031200,380,41694,12,1000,7.5,11.25,12,135.0,5.1788254,12.0,1
2016,1,4,3521,-14035,78,1031200,380,41694,12,1000,7.5,11.25,12,135.0,5.1788254,12.0,100
2016,1,4,3952,-12814,82,1031200,380,41694,12,1000,7.5,11.25,24,270.0,5.9565887,24.0,100
2016,1,4,3740,-14834,7,1031200,380,41694,12,1000,7.5,11.25,12,135.0,5.1788254,12.0,100
2016,1,4,2647,-13125,57,1031200,380,41694,12,1000,7.5,11.25,3,33.75,3.6583203999999996,3.0,7
2016,1,4,2512,-13296,52,1031200,380,41694,12,1000,7.5,11.25,24,270.0,5.9565887,24.0,100
2016,1,4,3773,-13135,57,1031200,380,41694,12,1000,7.5,11.25,12,135.0,5.1788254,12.0,100
2016,1,4,2633,-15216,77,1031200,380,41694,12,1000,7.5,11.25,24,270.0,5.9565887,24.0,100
2016,1,4,5070,-12758,70,1031200,380,41694,12,1000,7.5,11.25,2,22.5,3.2222682999999996,2.0,100
2016,1,4,5071,-12789,16,1031200,380,41694,12,1000,7.5,11.25,2,22.5,3.2222682999999996,2.0,100
2016,1,4,2670,-13295,52,1031200,380,41694,12,1000,7.5,11.25,12,135.0,5.1788254,12.0,100
2016,1,4,4166,-14888,10,1031200,380,41694,12,1000,7.5,11.25,2,22.5,3.2222682999999996,2.0,100
2016,1,4,2643,-14835,7,1031200,380,41694,12,1000,7.5,11.25,4,45.0,3.9700642,4.0,100
2016,1,4,2573,-12775,70,1031200,380,41694,12,1000,7.5,11.25,12,135.0,5.1788254,12.0,100
2016,1,4,3606,-14898,38,1031200,380,41694,12,1000,7.5,11.25,12,135.0,5.1788254,12.0,100
2016,1,4,3712,-15365,79,1031200,380,41694,12,1000,7.5,11.25,3,33.75,3.6583203999999996,3.0,100
2016,1,4,3910,-13209,92,1031200,380,41694,12,1000,7.5,11.25,12,135.0,5.1788254,12.0,100
2016,1,4,2539,-15410,42,1031200,380,41694,12,1000,7.5,11.25,12,135.0,5.1788254,12.0,100
2016,1,4,2560,-13234,57,1031200,380,41694,12,1000,7.5,11.25,6,67.5,4.412795,6.0,100
2016,1,4,2506,-12935,29,1031200,380,41694,12,1000,7.5,11.25,12,135.0,5.1788254,12.0,1044
2016,1,4,3465,-15320,39,1031200,380,41694,12,1000,7.5,11.25,4,45.0,3.9700642,4.0,100
2016,1,4,2558,-12895,44,1031200,380,41694,12,1000,7.5,11.25,12,135.0,5.1788254,12.0,100
2016,1,4,2191,-12904,56,1031200,380,41694,12,1000,7.5,11.25,12,135.0,5.1788254,12.0,100
2016,1,4,4673,-12880,56,1031200,380,41694,12,1000,7.5,11.25,12,135.0,5.1788254,12.0,100
2016,1,4,4740,-14035,78,1031200,380,41693,12,750,6.5,9.75,12,117.0,5.019722499999999,9.0,4405
2016,1,4,5022,-15271,77,1031200,380,41693,12,750,6.5,9.75,4,39.0,3.8147485,3.0,97
2016,1,4,2573,-12775,70,1012100,115,11773,48,200,1.56,2.34,12,28.08,3.4600425,2.4,100
2016,1,4,4897,-12935,29,1062310,259,43028,6,1750,11.55,17.33,6,103.98,4.88893,10.5,102
2016,1,4,4361,-15223,77,1012100,115,11773,48,200,1.56,2.34,8,18.72,3.0257456,1.6,100
2016,1,4,3899,-15270,77,1062200,35,43036,12,750,8.26,12.39,12,148.68,5.2864227,9.0,100
2016,1,4,2636,-15219,77,1062200,35,43036,12,750,8.26,12.39,12,148.68,5.2864227,9.0,100
2016,1,4,2459,-15421,39,1062200,35,43036,12,750,8.26,12.39,2,24.78,3.3257197999999994,1.5,100
2016,1,4,4580,-13183,92,1062200,35,43036,12,750,8.26,12.39,1,12.39,2.587644,0.75,100
2016,1,4,4250,-14909,42,1062200,35,43036,12,750,8.26,12.39,4,49.56,4.0751,3.0,882
2016,1,4,4619,-12909,56,1062200,35,43036,12,750,8.26,12.39,1,12.39,2.587644,0.75,100
2016,1,4,2569,-13134,57,1062200,35,43036,12,750,8.26,12.39,3,37.17,3.7626958,2.25,2
2016,1,4,2190,-15222,77,1062200,35,43035,12,750,8.26,12.39,3,37.17,3.7626958,2.25,100
2016,1,4,2569,-13134,57,1062200,35,43035,12,750,8.26,12.39,3,37.17,3.7626958,2.25,2
2016,1,4,4482,-15411,91,1062200,35,43034,24,375,4.5,6.75,4,27.0,3.4178638,1.5,929
2016,1,4,2648,-15271,77,1062200,35,43034,24,375,4.5,6.75,2,13.5,2.6783984,0.75,4
2016,1,4,2512,-13296,52,1062200,35,43034,24,375,4.5,6.75,2,13.5,2.6783984,0.75,100
2016,1,4,3918,-12734,82,1062200,35,43034,24,375,4.5,6.75,1,6.75,1.9500878000000001,0.38,100
2016,1,4,3563,-12775,70,1062200,35,43036,12,750,8.26,12.39,12,148.68,5.2864227,9.0,100
2016,1,4,2670,-13295,52,1062200,35,43034,24,375,4.5,6.75,3,20.25,3.109593,1.12,100
2016,1,4,4794,-12935,29,1062200,35,43034,24,375,4.5,6.75,3,20.25,3.109593,1.12,100
2016,1,4,4757,-15501,77,1062200,35,43034,24,375,4.5,6.75,1,6.75,1.9500878000000001,0.38,100
2016,1,4,4619,-12909,56,1062200,35,43034,24,375,4.5,6.75,3,20.25,3.109593,1.12,100
2016,1,4,4580,-13183,92,1062200,35,43034,24,375,4.5,6.75,2,13.5,2.6783984,0.75,100
2016,1,4,4644,-12733,82,1062200,35,43034,24,375,4.5,6.75,5,33.75,3.6583203999999996,1.88,588
2016,1,4,2532,-15219,77,1062200,35,43031,12,500,5.54,8.31,1,8.31,2.1673915,0.5,2
2016,1,4,2613,-14035,78,1062200,35,43031,12,500,5.54,8.31,2,16.62,2.8990302000000003,1.0,1
2016,1,4,2670,-13295,52,1062200,35,43031,12,500,5.54,8.31,1,8.31,2.1673915,0.5,100
2016,1,4,2601,-12980,51,1062200,35,43031,12,500,5.54,8.31,1,8.31,2.1673915,0.5,100
2016,1,4,4949,-12734,82,1062200,35,43031,12,500,5.54,8.31,1,8.31,2.1673915,0.5,100
2016,1,4,4995,-13999,83,1062200,35,43031,12,500,5.54,8.31,1,8.31,2.1673915,0.5,100
2016,1,4,4793,-12909,56,1012100,115,11771,10,600,6.8,10.2,8,81.6,4.6212873,4.8,100
2016,1,4,4984,-12775,70,1062200,35,43031,12,500,5.54,8.31,1,8.31,2.1673915,0.5,100
2016,1,4,3917,-12732,82,1062200,35,43034,24,375,4.5,6.75,3,20.25,3.109593,1.12,100
2016,1,4,3562,-12881,29,1062200,35,43036,12,750,8.26,12.39,12,148.68,5.2864227,9.0,100
2016,1,4,2539,-15410,42,1062200,35,43036,12,750,8.26,12.39,12,148.68,5.2864227,9.0,100
2016,1,4,4794,-12935,29,1062200,35,43036,12,750,8.26,12.39,12,148.68,5.2864227,9.0,100
2016,1,4,2560,-13234,57,1012100,115,11771,10,600,6.8,10.2,1,10.2,2.3825428,0.6,100
2016,1,4,3612,-13476,49,1012100,115,11771,10,600,6.8,10.2,1,10.2,2.3825428,0.6,100
2016,1,4,2498,-14930,33,1012100,115,11771,10,600,6.8,10.2,1,10.2,2.3825428,0.6,100
2016,1,4,5001,-14892,10,1012100,115,11771,10,600,6.8,10.2,1,10.2,2.3825428,0.6,100
2016,1,4,4806,-12760,70,1012100,115,11771,10,600,6.8,10.2,10,102.0,4.867647,6.0,100
2016,1,4,5070,-12758,70,1012100,115,11771,10,600,6.8,10.2,2,20.4,3.117477,1.2,100
2016,1,4,4845,-13135,57,1012100,115,11771,10,600,6.8,10.2,10,102.0,4.867647,6.0,100
2016,1,4,4967,-12810,82,1012100,115,11771,10,600,6.8,10.2,1,10.2,2.3825428,0.6,100
2016,1,4,4495,-14898,38,1012100,115,11771,10,600,6.8,10.2,2,20.4,3.117477,1.2,3055
2016,1,4,4995,-13999,83,1012100,115,11771,10,600,6.8,10.2,1,10.2,2.3825428,0.6,100
2016,1,4,4641,-15221,77,1012100,115,11771,10,600,6.8,10.2,2,20.4,3.117477,1.2,573
2016,1,4,2532,-15219,77,1062200,35,43036,12,750,8.26,12.39,12,148.68,5.2864227,9.0,2
2016,1,4,4696,-15270,77,1012100,115,11771,10,600,6.8,10.2,2,20.4,3.117477,1.2,517
2016,1,4,4698,-12980,51,1012100,115,11771,10,600,6.8,10.2,10,102.0,4.867647,6.0,100
2016,1,4,4373,-15270,77,1012100,115,11771,10,600,6.8,10.2,6,61.2,4.3054485,3.6,74
2016,1,4,2613,-14035,78,1012100,115,11771,10,600,6.8,10.2,1,10.2,2.3825428,0.6,1
2016,1,4,4313,-15514,15,1062200,35,43036,12,750,8.26,12.39,12,148.68,5.2864227,9.0,940
2016,1,4,2532,-15219,77,1012100,115,11771,10,600,6.8,10.2,2,20.4,3.117477,1.2,2
2016,1,4,2647,-13125,57,1012100,115,11771,10,600,6.8,10.2,1,10.2,2.3825428,0.6,7
2016,1,4,2588,-13133,57,1012100,115,11771,10,600,6.8,10.2,2,20.4,3.117477,1.2,6
2016,1,4,2590,-13134,57,1012100,115,11771,10,600,6.8,10.2,1,10.2,2.3825428,0.6,5
2016,1,4,2535,-15271,77,1012100,115,11771,10,600,6.8,10.2,3,30.6,3.5525932,1.8,1
2016,1,4,4819,-15527,77,1012100,115,11771,10,600,6.8,10.2,1,10.2,2.3825428,0.6,100
2016,1,4,3400,-15219,77,1012100,115,11771,10,600,6.8,10.2,10,102.0,4.867647,6.0,100
2016,1,4,2538,-14834,7,1062200,35,43036,12,750,8.26,12.39,3,37.17,3.7626958,2.25,3
2016,1,4,4152,-13981,43,1062200,35,43036,12,750,8.26,12.39,1,12.39,2.587644,0.75,100
2016,1,4,4189,-13479,28,1062200,35,43036,12,750,8.26,12.39,2,24.78,3.3257197999999994,1.5,594
2016,1,4,2190,-15222,77,1062200,35,43036,12,750,8.26,12.39,3,37.17,3.7626958,2.25,100
2016,1,4,4138,-15411,91,1062200,35,43036,12,750,8.26,12.39,12,148.68,5.2864227,9.0,657
2016,1,4,4644,-12733,82,1062200,35,43031,12,500,5.54,8.31,5,41.55,3.8834305000000002,2.5,588
2016,1,4,4424,-12935,29,1062200,35,43031,12,500,5.54,8.31,12,99.72,4.8426337,6.0,6601
2016,1,4,4401,-13234,57,1062310,259,43028,6,1750,11.55,17.33,6,103.98,4.88893,10.5,503
2016,1,4,5094,-13135,57,1062310,259,43028,6,1750,11.55,17.33,6,103.98,4.88893,10.5,2778
2016,1,4,3563,-12775,70,1062310,259,43028,6,1750,11.55,17.33,6,103.98,4.88893,10.5,100
2016,1,4,3868,-13234,57,1062310,259,43028,6,1750,11.55,17.33,18,311.94,6.120097,31.5,100
2016,1,4,4984,-12775,70,1062310,259,43028,6,1750,11.55,17.33,6,103.98,4.88893,10.5,100
2016,1,4,2507,-12935,29,1062310,259,43028,6,1750,11.55,17.33,12,207.96,5.662253,21.0,1
2016,1,4,4098,-13183,92,1062310,259,43028,6,1750,11.55,17.33,6,103.98,4.88893,10.5,100
2016,1,4,3624,-15328,50,1062310,259,43028,6,1750,11.55,17.33,6,103.98,4.88893,10.5,100
2016,1,4,3934,-13476,49,1062310,259,43028,6,1750,11.55,17.33,6,103.98,4.88893,10.5,100
2016,1,4,3651,-15411,91,1062310,259,43028,6,1750,11.55,17.33,6,103.98,4.88893,10.5,100
2016,1,4,5198,-12733,82,1062310,259,43028,6,1750,11.55,17.33,2,34.66,3.6870692000000003,3.5,100
2016,1,4,2560,-13234,57,1062310,259,43028,6,1750,11.55,17.33,6,103.98,4.88893,10.5,100
2016,1,4,4016,-14915,38,1062310,259,43028,6,1750,11.55,17.33,6,103.98,4.88893,10.5,100
2016,1,4,2506,-12935,29,1062310,259,43028,6,1750,11.55,17.33,6,103.98,4.88893,10.5,1044
2016,1,4,2191,-12904,56,1062310,259,43028,6,1750,11.55,17.33,6,103.98,4.88893,10.5,100
2016,1,4,2630,-15270,77,1062310,259,43028,6,1750,11.55,17.33,6,103.98,4.88893,10.5,2
2016,1,4,2569,-13134,57,1062310,259,43028,6,1750,11.55,17.33,6,103.98,4.88893,10.5,2
2016,1,4,4718,-15270,77,1062310,259,43028,6,1750,11.55,17.33,6,103.98,4.88893,10.5,6623
2016,1,4,4684,-15411,91,1062310,259,43028,6,1750,11.55,17.33,6,103.98,4.88893,10.5,928
2016,1,4,4746,-12775,70,1062310,259,43028,6,1750,11.55,17.33,6,103.98,4.88893,10.5,5885
2016,1,4,3494,-14834,7,1062310,259,43028,6,1750,11.55,17.33,6,103.98,4.88893,10.5,100
2016,1,4,4379,-15270,77,1062310,259,43028,6,1750,11.55,17.33,6,103.98,4.88893,10.5,100
2016,1,4,4605,-13234,57,1062310,259,43028,6,1750,11.55,17.33,2,34.66,3.6870692000000003,3.5,509
2016,1,4,4130,-12971,89,1062310,259,43028,6,1750,11.55,17.33,6,103.98,4.88893,10.5,100
2016,1,4,4621,-15375,85,1062310,259,43028,6,1750,11.55,17.33,6,103.98,4.88893,10.5,23
2016,1,4,2605,-13134,57,1062310,259,43027,12,1000,7.28,10.92,4,43.68,3.9377105,4.0,5
2016,1,4,3773,-13135,57,1062310,259,43027,12,1000,7.28,10.92,12,131.04,5.145683,12.0,100
2016,1,4,4773,-15271,77,1062310,259,43027,12,1000,7.28,10.92,4,43.68,3.9377105,4.0,100
2016,1,4,4166,-14888,10,1062310,259,43027,12,1000,7.28,10.92,1,10.92,2.4543686,1.0,100
2016,1,4,4267,-15516,15,1062310,259,43027,12,1000,7.28,10.92,4,43.68,3.9377105,4.0,100
2016,1,4,3162,-12775,70,1062310,259,43027,12,1000,7.28,10.92,12,131.04,5.145683,12.0,100
2016,1,4,3562,-12881,29,1062310,259,43028,6,1750,11.55,17.33,6,103.98,4.88893,10.5,100
2016,1,4,4455,-14909,42,1012100,115,11771,10,600,6.8,10.2,1,10.2,2.3825428,0.6,1959
2016,1,4,3644,-15527,77,1062310,259,43028,6,1750,11.55,17.33,12,207.96,5.662253,21.0,100
2016,1,4,3886,-13331,53,1062310,259,43028,6,1750,11.55,17.33,24,415.92,6.447421,42.0,100
2016,1,4,2448,-15411,91,1062310,259,43028,6,1750,11.55,17.33,6,103.98,4.88893,10.5,100
2016,1,4,2613,-14035,78,1062310,259,43028,6,1750,11.55,17.33,6,103.98,4.88893,10.5,1
2016,1,4,2532,-15219,77,1062310,259,43028,6,1750,11.55,17.33,6,103.98,4.88893,10.5,2
2016,1,4,4753,-15534,1,1012100,115,11771,10,600,6.8,10.2,2,20.4,3.117477,1.2,2521
2016,1,4,2549,-15411,91,1062310,259,43028,6,1750,11.55,17.33,12,207.96,5.662253,21.0,100
2016,1,4,2521,-15271,77,1062310,259,43028,6,1750,11.55,17.33,6,103.98,4.88893,10.5,100
2016,1,4,4967,-12810,82,1062310,259,43028,6,1750,11.55,17.33,2,34.66,3.6870692000000003,3.5,100
2016,1,4,5070,-12758,70,1062310,259,43028,6,1750,11.55,17.33,2,34.66,3.6870692000000003,3.5,100
2016,1,4,4000,-13957,43,1062310,259,43028,6,1750,11.55,17.33,4,69.32,4.441984,7.0,100
2016,1,4,2584,-12909,56,1062310,259,43028,6,1750,11.55,17.33,6,103.98,4.88893,10.5,100
2016,1,4,2554,-12734,82,1062310,259,43028,6,1750,11.55,17.33,6,103.98,4.88893,10.5,100
2016,1,4,4950,-13133,57,1062310,259,43028,6,1750,11.55,17.33,6,103.98,4.88893,10.5,514
2016,1,4,5071,-12789,16,1062310,259,43028,6,1750,11.55,17.33,3,51.99,4.1272726,5.25,100
2016,1,4,4604,-15328,50,1062310,259,43028,6,1750,11.55,17.33,2,34.66,3.6870692000000003,3.5,100
2016,1,4,4617,-15219,77,1062310,259,43028,6,1750,11.55,17.33,1,17.33,2.9435425,1.75,100
2016,1,4,4229,-13999,83,1062310,259,43028,6,1750,11.55,17.33,6,103.98,4.88893,10.5,790
2016,1,4,4306,-15095,35,1062310,259,43028,6,1750,11.55,17.33,2,34.66,3.6870692000000003,3.5,100
2016,1,4,2618,-13134,57,1062310,259,43028,6,1750,11.55,17.33,6,103.98,4.88893,10.5,6
2016,1,4,3908,-12909,56,1062310,259,43028,6,1750,11.55,17.33,6,103.98,4.88893,10.5,214
2016,1,4,3747,-12945,54,1062310,259,43028,6,1750,11.55,17.33,6,103.98,4.88893,10.5,100
2016,1,4,3612,-13476,49,1062310,259,43028,6,1750,11.55,17.33,2,34.66,3.6870692000000003,3.5,100
2016,1,4,3829,-13222,57,1062310,259,43028,6,1750,11.55,17.33,6,103.98,4.88893,10.5,100
2016,1,4,4473,-15320,39,1062310,259,43028,6,1750,11.55,17.33,12,207.96,5.662253,21.0,92
2016,1,4,4021,-12980,51,1062310,259,43028,6,1750,11.55,17.33,6,103.98,4.88893,10.5,100
2016,1,4,4019,-13479,28,1062310,259,43028,6,1750,11.55,17.33,6,103.98,4.88893,10.5,100
2016,1,4,3833,-15514,15,1062310,259,43028,6,1750,11.55,17.33,6,103.98,4.88893,10.5,100
2016,1,4,5077,-14035,78,1062310,259,43028,6,1750,11.55,17.33,6,103.98,4.88893,10.5,100
2016,1,4,3628,-13134,57,1062310,259,43028,6,1750,11.55,17.33,12,207.96,5.662253,21.0,100
2016,1,4,3811,-12904,56,1062310,259,43028,6,1750,11.55,17.33,6,103.98,4.88893,10.5,100
2016,1,4,3618,-13132,57,1062310,259,43028,6,1750,11.55,17.33,18,311.94,6.120097,31.5,100
2016,1,4,5091,-12775,70,1012100,115,11771,10,600,6.8,10.2,1,10.2,2.3825428,0.6,436
2016,1,4,4970,-12760,70,1012100,115,11771,10,600,6.8,10.2,1,10.2,2.3825428,0.6,100
2016,1,4,4424,-12935,29,1012100,115,11771,10,600,6.8,10.2,10,102.0,4.867647,6.0,6601
2016,1,4,2590,-13134,57,1062200,35,43121,12,500,5.54,8.31,1,8.31,2.1673915,0.5,5
2016,1,4,2588,-13133,57,1062200,35,43121,12,500,5.54,8.31,1,8.31,2.1673915,0.5,6
2016,1,4,2648,-15271,77,1062200,35,43121,12,500,5.54,8.31,1,8.31,2.1673915,0.5,4
2016,1,4,2532,-15219,77,1062200,35,43121,12,500,5.54,8.31,1,8.31,2.1673915,0.5,2
2016,1,4,4654,-15286,1,1062200,35,43121,12,500,5.54,8.31,1,8.31,2.1673915,0.5,510
2016,1,4,5087,-13990,43,1062200,35,43121,12,500,5.54,8.31,2,16.62,2.8990302000000003,1.0,100
2016,1,4,5070,-12758,70,1062200,35,43121,12,500,5.54,8.31,1,8.31,2.1673915,0.5,100
2016,1,4,2601,-12980,51,1062200,35,43121,12,500,5.54,8.31,1,8.31,2.1673915,0.5,100
2016,1,4,4927,-15271,77,1062200,35,43121,12,500,5.54,8.31,1,8.31,2.1673915,0.5,576
2016,1,4,4995,-13999,83,1062200,35,43121,12,500,5.54,8.31,1,8.31,2.1673915,0.5,100
2016,1,4,4641,-15221,77,1062200,35,43121,12,500,5.54,8.31,3,24.93,3.3321955,1.5,573
2016,1,4,2643,-14835,7,1062200,35,43121,12,500,5.54,8.31,1,8.31,2.1673915,0.5,100
2016,1,4,3907,-12775,70,1062200,35,43121,12,500,5.54,8.31,1,8.31,2.1673915,0.5,100
2016,1,4,5163,-12895,44,1062200,35,43121,12,500,5.54,8.31,12,99.72,4.8426337,6.0,100
2016,1,4,2498,-14930,33,1062200,35,43121,12,500,5.54,8.31,1,8.31,2.1673915,0.5,100
2016,1,4,3612,-13476,49,1062200,35,43121,12,500,5.54,8.31,1,8.31,2.1673915,0.5,100
2016,1,4,2460,-15095,100,1062200,35,43121,12,500,5.54,8.31,1,8.31,2.1673915,0.5,100
2016,1,4,2591,-15514,15,1062200,35,43121,12,500,5.54,8.31,1,8.31,2.1673915,0.5,100
2016,1,4,4933,-12935,29,1062200,35,43121,12,500,5.54,8.31,24,199.44,5.6152477,12.0,100
2016,1,4,2527,-15221,77,1062200,35,43121,12,500,5.54,8.31,1,8.31,2.1673915,0.5,5
2016,1,4,4424,-12935,29,1062200,35,43121,12,500,5.54,8.31,12,99.72,4.8426337,6.0,6601
2016,1,4,4644,-12733,82,1062200,35,43121,12,500,5.54,8.31,2,16.62,2.8990302000000003,1.0,588
2016,1,4,5091,-12775,70,1062200,35,43121,12,500,5.54,8.31,2,16.62,2.8990302000000003,1.0,436
2016,1,4,3679,-13377,22,1062200,35,43120,6,1750,15.0,22.5,6,135.0,5.1788254,10.5,100
2016,1,4,5001,-14892,10,1062200,35,43120,6,1750,15.0,22.5,2,45.0,3.9700642,3.5,100
2016,1,4,2191,-12904,56,1062200,35,43120,6,1750,15.0,22.5,12,270.0,5.9565887,21.0,100
2016,1,4,4829,-15222,77,1062300,35,43117,12,1000,9.5,14.25,36,513.0,6.687416000000001,36.0,100
2016,1,4,2633,-15216,77,1062300,35,43117,12,1000,9.5,14.25,12,171.0,5.4427443,12.0,100
2016,1,4,2512,-13296,52,1062300,35,43117,12,1000,9.5,14.25,12,171.0,5.4427443,12.0,100
2016,1,4,5057,-15219,77,1062200,35,43121,12,500,5.54,8.31,6,49.86,4.081675,3.0,535
2016,1,4,3679,-13377,22,1062300,35,43117,12,1000,9.5,14.25,2,28.5,3.4760182,2.0,100
2016,1,4,2560,-13234,57,1062200,35,43123,48,200,2.5,3.75,6,22.5,3.2222682999999996,1.2,100
2016,1,4,2506,-12935,29,1062200,35,43123,48,200,2.5,3.75,10,37.5,3.7722652,2.0,1044
2016,1,4,4373,-15270,77,1062200,35,43124,24,375,4.5,6.75,3,20.25,3.109593,1.12,74
2016,1,4,4312,-14035,78,1062200,35,43124,24,375,4.5,6.75,4,27.0,3.4178638,1.5,100
2016,1,4,2588,-13133,57,1031200,259,41316,12,750,3.82,6.06,3,18.18,2.994543,2.25,6
2016,1,4,4152,-13981,43,1062200,35,43124,24,375,4.5,6.75,4,27.0,3.4178638,1.5,100
2016,1,4,4927,-15271,77,1062200,35,43124,24,375,4.5,6.75,3,20.25,3.109593,1.12,576
2016,1,4,4578,-12910,89,1062200,35,43124,24,375,4.5,6.75,6,40.5,3.855663,2.25,2592
2016,1,4,2190,-15222,77,1062200,35,43124,24,375,4.5,6.75,3,20.25,3.109593,1.12,100
2016,1,4,4641,-15221,77,1062200,35,43124,24,375,4.5,6.75,3,20.25,3.109593,1.12,573
2016,1,4,4696,-15270,77,1062200,35,43124,24,375,4.5,6.75,2,13.5,2.6783984,0.75,517
2016,1,4,4876,-13303,57,1062200,35,43124,24,375,4.5,6.75,24,162.0,5.382259400000001,9.0,100
2016,1,4,2662,-12775,70,1062200,35,43124,24,375,4.5,6.75,3,20.25,3.109593,1.12,100
2016,1,4,4794,-12935,29,1062200,35,43124,24,375,4.5,6.75,3,20.25,3.109593,1.12,100
2016,1,4,5091,-12775,70,1062200,35,43124,24,375,4.5,6.75,3,20.25,3.109593,1.12,436
2016,1,4,4379,-15270,77,1062200,35,43124,24,375,4.5,6.75,6,40.5,3.855663,2.25,100
2016,1,4,4596,-15219,77,1062200,35,43124,24,375,4.5,6.75,6,40.5,3.855663,2.25,534
2016,1,4,4644,-12733,82,1062200,35,43124,24,375,4.5,6.75,5,33.75,3.6583203999999996,1.88,588
2016,1,4,4312,-14035,78,1062200,35,43123,48,200,2.5,3.75,3,11.25,2.4857533,0.6,100
2016,1,4,4773,-15271,77,1062200,35,43123,48,200,2.5,3.75,2,7.5,2.0600810000000003,0.4,100
2016,1,4,4696,-15270,77,1062200,35,43123,48,200,2.5,3.75,8,30.0,3.5312523999999996,1.6,517
2016,1,4,2584,-12909,56,1062200,35,43123,48,200,2.5,3.75,2,7.5,2.0600810000000003,0.4,100
2016,1,4,2643,-14835,7,1062200,35,43123,48,200,2.5,3.75,2,7.5,2.0600810000000003,0.4,100
2016,1,4,3907,-12775,70,1062200,35,43123,48,200,2.5,3.75,4,15.0,2.7900763,0.8,100
2016,1,4,2190,-15222,77,1062200,35,43123,48,200,2.5,3.75,6,22.5,3.2222682999999996,1.2,100
2016,1,4,4995,-13999,83,1062200,35,43123,48,200,2.5,3.75,3,11.25,2.4857533,0.6,100
2016,1,4,2538,-14834,7,1062200,35,43123,48,200,2.5,3.75,2,7.5,2.0600810000000003,0.4,3
2016,1,4,3917,-12732,82,1062200,35,43123,48,200,2.5,3.75,5,18.75,3.0274532,1.0,100
2016,1,4,4794,-12935,29,1062200,35,43123,48,200,2.5,3.75,2,7.5,2.0600810000000003,0.4,100
2016,1,4,2591,-15514,15,1062200,35,43123,48,200,2.5,3.75,4,15.0,2.7900763,0.8,100
2016,1,4,3805,-13452,82,1062200,35,43123,48,200,2.5,3.75,48,180.0,5.500192,9.6,100
2016,1,4,4892,-12734,82,1062200,35,43123,48,200,2.5,3.75,1,3.75,1.3410981000000002,0.2,100
2016,1,4,2498,-14930,33,1062310,259,43027,12,1000,7.28,10.92,3,32.76,3.6261702000000007,3.0,100
2016,1,4,2648,-15271,77,1062200,35,43112,6,1750,15.0,22.5,6,135.0,5.1788254,10.5,4
2016,1,4,4312,-14035,78,1062200,35,43109,12,750,8.0,12.0,12,144.0,5.2507443,9.0,100
2016,1,4,4421,-15095,35,1062300,35,43051,12,750,8.26,12.39,12,148.68,5.2864227,9.0,1
2016,1,4,2448,-15411,91,1062300,35,43050,12,1000,9.5,14.25,1,14.25,2.735675,1.0,100
2016,1,4,4829,-15222,77,1062300,35,43050,12,1000,9.5,14.25,24,342.0,6.22455,24.0,100
2016,1,4,2633,-15216,77,1062300,35,43050,12,1000,9.5,14.25,24,342.0,6.22455,24.0,100
2016,1,4,2448,-15411,91,1062200,35,43038,6,1750,15.0,22.5,1,22.5,3.2222682999999996,1.75,100
2016,1,4,2662,-12775,70,1062200,35,43038,6,1750,15.0,22.5,2,45.0,3.9700642,3.5,100
2016,1,4,3679,-13377,22,1062200,35,43038,6,1750,15.0,22.5,1,22.5,3.2222682999999996,1.75,100
2016,1,4,2506,-12935,29,1062200,35,43038,6,1750,15.0,22.5,6,135.0,5.1788254,10.5,1044
2016,1,4,5077,-14035,78,1062200,35,43038,6,1750,15.0,22.5,6,135.0,5.1788254,10.5,100
2016,1,4,3562,-12881,29,1062200,35,43038,6,1750,15.0,22.5,6,135.0,5.1788254,10.5,100
2016,1,4,2539,-15410,42,1062200,35,43038,6,1750,15.0,22.5,1,22.5,3.2222682999999996,1.75,100
2016,1,4,2448,-15411,91,1062200,35,43037,12,1000,9.5,14.25,3,42.75,3.9143364000000003,3.0,100
2016,1,4,2588,-13133,57,1062200,35,43037,12,1000,9.5,14.25,3,42.75,3.9143364000000003,3.0,6
2016,1,4,4773,-15271,77,1062200,35,43037,12,1000,9.5,14.25,4,57.0,4.227700700000001,4.0,100
2016,1,4,4152,-13981,43,1062200,35,43037,12,1000,9.5,14.25,1,14.25,2.735675,1.0,100
2016,1,4,3910,-13209,92,1062200,35,43037,12,1000,9.5,14.25,6,85.5,4.6727324,6.0,100
2016,1,4,4673,-12880,56,1062200,35,43037,12,1000,9.5,14.25,2,28.5,3.4760182,2.0,100
2016,1,4,2191,-12904,56,1062200,35,43037,12,1000,9.5,14.25,3,42.75,3.9143364000000003,3.0,100
2016,1,4,2630,-15270,77,1012100,115,11588,6,1750,12.99,19.49,12,233.88,5.7944713,21.0,2
2016,1,4,4856,-13283,57,1012100,115,11588,6,1750,12.99,19.49,6,116.94,5.019153,10.5,100
2016,1,4,5001,-14892,10,1012100,115,11588,6,1750,12.99,19.49,2,38.98,3.8141928,3.5,100
2016,1,4,2591,-15514,15,1012100,115,11588,6,1750,12.99,19.49,6,116.94,5.019153,10.5,100
2016,1,4,5173,-15511,5,1012100,115,11588,6,1750,12.99,19.49,2,38.98,3.8141928,3.5,100
2016,1,4,2460,-15095,100,1012100,115,11588,6,1750,12.99,19.49,6,116.94,5.019153,10.5,100
2016,1,4,2573,-12775,70,1012100,115,11588,6,1750,12.99,19.49,6,116.94,5.019153,10.5,100
2016,1,4,4303,-12899,29,1012100,115,11771,10,600,6.8,10.2,10,102.0,4.867647,6.0,100
2016,1,4,4307,7122,100,1062310,260,43337,12,1000,11.75,17.63,12,211.56,5.6815505,12.0,100
2016,1,4,4580,-13183,92,1012100,115,11771,10,600,6.8,10.2,1,10.2,2.3825428,0.6,100
2016,1,4,4636,-13134,57,1012100,115,11771,10,600,6.8,10.2,6,61.2,4.3054485,3.6,561
2016,1,4,2527,-15221,77,1062300,35,43051,12,750,8.26,12.39,2,24.78,3.3257197999999994,1.5,5
2016,1,4,2841,-13133,57,1062200,35,43112,6,1750,15.0,22.5,6,135.0,5.1788254,10.5,8532
2016,1,4,4222,-14829,7,1062300,35,43051,12,750,8.26,12.39,2,24.78,3.3257197999999994,1.5,100
2016,1,4,3612,-13476,49,1062300,35,43051,12,750,8.26,12.39,1,12.39,2.587644,0.75,100
2016,1,4,4604,-15328,50,1062200,35,43109,12,750,8.0,12.0,1,12.0,2.553858,0.75,100
2016,1,4,2636,-15219,77,1062200,35,43109,12,750,8.0,12.0,12,144.0,5.2507443,9.0,100
2016,1,4,2527,-15221,77,1062200,35,43109,12,750,8.0,12.0,2,24.0,3.2914162000000005,1.5,5
2016,1,4,3563,-12775,70,1062200,35,43109,12,750,8.0,12.0,12,144.0,5.2507443,9.0,100
2016,1,4,4067,-13180,90,1062200,35,43109,12,750,8.0,12.0,1,12.0,2.553858,0.75,100
2016,1,4,2517,-15328,50,1062200,35,43109,12,750,8.0,12.0,3,36.0,3.7280860000000002,2.25,1
2016,1,4,2558,-12895,44,1062200,35,43109,12,750,8.0,12.0,6,72.0,4.4836290000000005,4.5,100
2016,1,4,4633,-14026,78,1062300,35,43095,12,750,8.5,12.75,1,12.75,2.6179206,0.75,520
2016,1,4,2633,-15216,77,1062300,35,43095,12,750,8.5,12.75,12,153.0,5.3183947,9.0,100
2016,1,4,2650,-13999,83,1062300,259,43077,12,1000,7.28,10.92,3,32.76,3.6261702000000007,3.0,100
2016,1,4,3773,-13135,57,1062300,259,43077,12,1000,7.28,10.92,12,131.04,5.145683,12.0,100
2016,1,4,2460,-15095,100,1062300,259,43077,12,1000,7.28,10.92,3,32.76,3.6261702000000007,3.0,100
2016,1,4,2648,-15271,77,1062300,259,43076,12,750,5.78,8.67,2,17.34,2.9441564,1.5,4
2016,1,4,3162,-12775,70,1062300,259,43076,12,750,5.78,8.67,3,26.01,3.3777246,2.25,100
2016,1,4,3747,-12945,54,1062300,259,43076,12,750,5.78,8.67,2,17.34,2.9441564,1.5,100
2016,1,4,3612,-13476,49,1062300,259,43076,12,750,5.78,8.67,12,104.04,4.8895683,9.0,100
2016,1,4,2507,-12935,29,1062300,259,43076,12,750,5.78,8.67,12,104.04,4.8895683,9.0,1
2016,1,4,4883,-12945,54,1062300,259,43076,12,750,5.78,8.67,4,34.68,3.6876926,3.0,100
2016,1,4,5094,-13135,57,1062310,259,43073,12,750,7.47,11.21,12,134.52,5.1748595,9.0,2778
2016,1,4,5018,-12734,82,1062310,259,43073,12,750,7.47,11.21,2,22.42,3.2184548,1.5,100
2016,1,4,4223,-14829,7,1062310,259,43073,12,750,7.47,11.21,6,67.26,4.408889,4.5,100
2016,1,4,2506,-12935,29,1062300,35,43066,12,750,8.26,12.39,12,148.68,5.2864227,9.0,1044
2016,1,4,2605,-13134,57,1062300,35,43051,12,750,8.26,12.39,4,49.56,4.0751,3.0,5
2016,1,4,2588,-13133,57,1062300,35,43051,12,750,8.26,12.39,3,37.17,3.7626958,2.25,6
2016,1,4,4312,-14035,78,1062300,35,43051,12,750,8.26,12.39,1,12.39,2.587644,0.75,100
2016,1,4,2532,-15219,77,1062300,35,43051,12,750,8.26,12.39,12,148.68,5.2864227,9.0,2
2016,1,4,3773,-13135,57,1062300,35,43051,12,750,8.26,12.39,12,148.68,5.2864227,9.0,100
2016,1,4,3871,-15270,77,1062300,35,43051,12,750,8.26,12.39,12,148.68,5.2864227,9.0,100
2016,1,4,4950,-13133,57,1062300,35,43051,12,750,8.26,12.39,12,148.68,5.2864227,9.0,514
2016,1,4,2528,-15221,77,1062300,35,43051,12,750,8.26,12.39,12,148.68,5.2864227,9.0,3
2016,1,4,2670,-13295,52,1062300,370,42703,12,750,7.49,11.24,12,134.88,5.1778355000000005,9.0,100
2016,1,4,4283,-13234,57,1062310,259,43027,12,1000,7.28,10.92,12,131.04,5.145683,12.0,100
2016,1,4,2560,-13234,57,1062310,259,43027,12,1000,7.28,10.92,6,65.52,4.380152,6.0,100
2016,1,4,2648,-15271,77,1062300,370,42716,12,750,7.49,11.24,12,134.88,5.1778355000000005,9.0,4
2016,1,4,2521,-15271,77,1062300,370,42716,12,750,7.49,11.24,12,134.88,5.1778355000000005,9.0,100
2016,1,4,2532,-15219,77,1062300,370,42716,12,750,7.49,11.24,12,134.88,5.1778355000000005,9.0,2
2016,1,4,4000,-13957,43,1062300,370,42716,12,750,7.49,11.24,3,33.72,3.6573597999999996,2.25,100
2016,1,4,4495,-14898,38,1062300,370,42716,12,750,7.49,11.24,3,33.72,3.6573597999999996,2.25,3055
2016,1,4,2601,-12980,51,1062300,370,42716,12,750,7.49,11.24,12,134.88,5.1778355000000005,9.0,100
2016,1,4,4189,-13479,28,1062300,370,42716,12,750,7.49,11.24,60,674.4,7.0020226999999995,45.0,594
2016,1,4,2584,-12909,56,1062300,370,42716,12,750,7.49,11.24,6,67.44,4.41182,4.5,100
2016,1,4,2670,-13295,52,1062300,370,42716,12,750,7.49,11.24,24,269.76,5.9555836,18.0,100
2016,1,4,4152,-13981,43,1062300,370,42716,12,750,7.49,11.24,3,33.72,3.6573597999999996,2.25,100
2016,1,4,2554,-12734,82,1062300,370,42716,12,750,7.49,11.24,12,134.88,5.1778355000000005,9.0,100
2016,1,4,2538,-14834,7,1062300,370,42716,12,750,7.49,11.24,12,134.88,5.1778355000000005,9.0,3
2016,1,4,3917,-12732,82,1062300,370,42716,12,750,7.49,11.24,12,134.88,5.1778355000000005,9.0,100
2016,1,4,2512,-13296,52,1062300,370,42716,12,750,7.49,11.24,12,134.88,5.1778355000000005,9.0,100
2016,1,4,4473,-15320,39,1062300,370,42716,12,750,7.49,11.24,12,134.88,5.1778355000000005,9.0,92
2016,1,4,4184,-12775,70,1062300,370,42716,12,750,7.49,11.24,12,134.88,5.1778355000000005,9.0,998
2016,1,4,2653,-13183,92,1062300,370,42716,12,750,7.49,11.24,6,67.44,4.41182,4.5,100
2016,1,4,3829,-13222,57,1062300,370,42716,12,750,7.49,11.24,5,56.2,4.212258,3.75,100
2016,1,4,2628,-14909,42,1062300,370,42716,12,750,7.49,11.24,12,134.88,5.1778355000000005,9.0,100
2016,1,4,4757,-15501,77,1062300,370,42716,12,750,7.49,11.24,1,11.24,2.4848156,0.75,100
2016,1,4,2460,-15095,100,1062300,370,42716,12,750,7.49,11.24,12,134.88,5.1778355000000005,9.0,100
2016,1,4,5173,-15511,5,1062300,370,42716,12,750,7.49,11.24,2,22.48,3.221316,1.5,100
2016,1,4,2190,-15222,77,1062300,370,42716,12,750,7.49,11.24,2,22.48,3.221316,1.5,100
2016,1,4,5001,-14892,10,1062300,370,42716,12,750,7.49,11.24,2,22.48,3.221316,1.5,100
2016,1,4,4604,-15328,50,1062300,370,42716,12,750,7.49,11.24,2,22.48,3.221316,1.5,100
2016,1,4,5018,-12734,82,1062300,370,42716,12,750,7.49,11.24,3,33.72,3.6573597999999996,2.25,100
2016,1,4,3910,-13209,92,1062300,370,42716,12,750,7.49,11.24,12,134.88,5.1778355000000005,9.0,100
2016,1,4,2507,-12935,29,1062300,370,42716,12,750,7.49,11.24,12,134.88,5.1778355000000005,9.0,1
2016,1,4,4972,-13377,22,1062300,370,42716,12,750,7.49,11.24,3,33.72,3.6573597999999996,2.25,100
2016,1,4,2549,-15411,91,1062300,370,42716,12,750,7.49,11.24,36,404.64,6.4160476,27.0,100
2016,1,4,2590,-13134,57,1062300,370,42716,12,750,7.49,11.24,12,134.88,5.1778355000000005,9.0,5
2016,1,4,3838,-12814,48,1062300,370,42716,12,750,7.49,11.24,12,134.88,5.1778355000000005,9.0,100
2016,1,4,3773,-13135,57,1062300,370,42717,12,1000,10.49,15.74,24,377.76,6.337696599999999,24.0,100
2016,1,4,2512,-13296,52,1062300,370,42717,12,1000,10.49,15.74,36,566.64,6.801573299999999,36.0,100
2016,1,4,2549,-15411,91,1062300,370,42717,12,1000,10.49,15.74,12,188.88,5.554183999999999,12.0,100
2016,1,4,5071,-12789,16,1062300,370,42717,12,1000,10.49,15.74,2,31.48,3.583164,2.0,100
2016,1,4,4166,-14888,10,1062300,370,42717,12,1000,10.49,15.74,2,31.48,3.583164,2.0,100
2016,1,4,2584,-12909,56,1062300,370,42717,12,1000,10.49,15.74,12,188.88,5.554183999999999,12.0,100
2016,1,4,2573,-12775,70,1062300,370,42717,12,1000,10.49,15.74,12,188.88,5.554183999999999,12.0,100
2016,1,4,5070,-12758,70,1062300,370,42717,12,1000,10.49,15.74,2,31.48,3.583164,2.0,100
2016,1,4,4604,-15328,50,1062300,370,42717,12,1000,10.49,15.74,2,31.48,3.583164,2.0,100
2016,1,4,3679,-13377,22,1062300,370,42717,12,1000,10.49,15.74,3,47.22,4.0224395,3.0,100
2016,1,4,2591,-15514,15,1062300,370,42717,12,1000,10.49,15.74,12,188.88,5.554183999999999,12.0,100
2016,1,4,2190,-15222,77,1062300,370,42717,12,1000,10.49,15.74,2,31.48,3.583164,2.0,100
2016,1,4,3606,-14898,38,1062300,370,42717,12,1000,10.49,15.74,12,188.88,5.554183999999999,12.0,100
2016,1,4,3747,-12945,54,1062300,370,42717,12,1000,10.49,15.74,2,31.48,3.583164,2.0,100
2016,1,4,3612,-13476,49,1062300,370,42717,12,1000,10.49,15.74,12,188.88,5.554183999999999,12.0,100
2016,1,4,3162,-12775,70,1062300,370,42717,12,1000,10.49,15.74,3,47.22,4.0224395,3.0,100
2016,1,4,2653,-13183,92,1062300,370,42717,12,1000,10.49,15.74,6,94.44,4.7824907,6.0,100
2016,1,4,2506,-12935,29,1062300,370,42717,12,1000,10.49,15.74,12,188.88,5.554183999999999,12.0,1044
2016,1,4,2539,-15410,42,1062300,370,42717,12,1000,10.49,15.74,12,188.88,5.554183999999999,12.0,100
2016,1,4,5054,-13449,28,1062300,370,42717,12,1000,10.49,15.74,12,188.88,5.554183999999999,12.0,100
2016,1,4,3403,-12798,58,1062300,370,42717,12,1000,10.49,15.74,2,31.48,3.583164,2.0,100
2016,1,4,4883,-12945,54,1062300,370,42717,12,1000,10.49,15.74,2,31.48,3.583164,2.0,100
2016,1,4,3385,-13134,57,1062300,370,42717,12,1000,10.49,15.74,12,188.88,5.554183999999999,12.0,100
2016,1,4,3494,-14834,7,1062300,370,42717,12,1000,10.49,15.74,24,377.76,6.337696599999999,24.0,100
2016,1,4,2558,-12895,44,1062300,370,42717,12,1000,10.49,15.74,12,188.88,5.554183999999999,12.0,100
2016,1,4,2517,-15328,50,1062300,370,42717,12,1000,10.49,15.74,12,188.88,5.554183999999999,12.0,1
2016,1,4,5039,-13203,52,1062300,370,42716,12,750,7.49,11.24,6,67.44,4.41182,4.5,3384
2016,1,4,4740,-14035,78,1062300,370,42716,12,750,7.49,11.24,12,134.88,5.1778355000000005,9.0,4405
2016,1,4,2588,-13133,57,1062300,370,42716,12,750,7.49,11.24,12,134.88,5.1778355000000005,9.0,6
2016,1,4,3934,-13476,49,1062300,370,42716,12,750,7.49,11.24,12,134.88,5.1778355000000005,9.0,100
2016,1,4,3790,-12895,44,1062300,370,42716,12,750,7.49,11.24,12,134.88,5.1778355000000005,9.0,100
2016,1,4,2560,-13234,57,1062300,370,42716,12,750,7.49,11.24,12,134.88,5.1778355000000005,9.0,100
2016,1,4,4222,-14829,7,1062300,370,42716,12,750,7.49,11.24,3,33.72,3.6573597999999996,2.25,100
2016,1,4,2601,-12980,51,1062300,370,42714,24,375,4.49,6.74,3,20.22,3.1080092999999995,1.12,100
2016,1,4,5046,-12904,56,1062300,370,42712,12,500,4.95,7.43,12,89.16,4.718965,6.0,100
2016,1,4,4633,-14026,78,1062300,370,42712,12,500,4.95,7.43,3,22.29,3.2122295,1.5,520
2016,1,4,2498,-14930,33,1012100,115,11773,48,200,1.56,2.34,6,14.04,2.7199404,1.2,100
2016,1,4,2613,-14035,78,1062300,370,42712,12,500,4.95,7.43,12,89.16,4.718965,6.0,1
2016,1,4,3918,-12734,82,1062300,370,42712,12,500,4.95,7.43,1,7.43,2.0502813,0.5,100
2016,1,4,2650,-13999,83,1062300,370,42712,12,500,4.95,7.43,1,7.43,2.0502813,0.5,100
2016,1,4,4773,-15271,77,1062300,370,42712,12,500,4.95,7.43,1,7.43,2.0502813,0.5,100
2016,1,4,2618,-13134,57,1062300,370,42712,12,500,4.95,7.43,2,14.86,2.7801263,1.0,6
2016,1,4,4859,-12935,29,1062300,370,42712,12,500,4.95,7.43,12,89.16,4.718965,6.0,6604
2016,1,4,4580,-13183,92,1062300,370,42712,12,500,4.95,7.43,1,7.43,2.0502813,0.5,100
2016,1,4,4619,-12909,56,1062300,370,42712,12,500,4.95,7.43,1,7.43,2.0502813,0.5,100
2016,1,4,2517,-15328,50,1012100,115,11773,48,200,1.56,2.34,12,28.08,3.4600425,2.4,1
2016,1,4,4619,-12909,56,1012100,115,11773,48,200,1.56,2.34,48,112.32,4.9744269999999995,9.6,100
2016,1,4,5075,-15329,62,1012100,115,11773,48,200,1.56,2.34,48,112.32,4.9744269999999995,9.6,100
2016,1,4,4892,-12734,82,1012100,115,11773,48,200,1.56,2.34,5,11.7,2.5271297,1.0,100
2016,1,4,4222,-14829,7,1012100,115,11773,48,200,1.56,2.34,48,112.32,4.9744269999999995,9.6,100
2016,1,4,4223,-14829,7,1012100,115,11773,48,200,1.56,2.34,48,112.32,4.9744269999999995,9.6,100
2016,1,4,5149,-12935,29,1012100,115,11773,48,200,1.56,2.34,48,112.32,4.9744269999999995,9.6,100
2016,1,4,2591,-15514,15,1012100,115,11773,48,200,1.56,2.34,12,28.08,3.4600425,2.4,100
2016,1,4,4306,-15095,35,1012100,115,11773,48,200,1.56,2.34,6,14.04,2.7199404,1.2,100
2016,1,4,5071,-12789,16,1012300,395,15776,12,750,13.5,20.25,2,40.5,3.855663,1.5,100
2016,1,4,4876,-13303,57,1012100,115,11773,48,200,1.56,2.34,48,112.32,4.9744269999999995,9.6,100
2016,1,4,4829,-15222,77,1062300,370,42703,12,750,7.49,11.24,12,134.88,5.1778355000000005,9.0,100
2016,1,4,2512,-13296,52,1062300,370,42703,12,750,7.49,11.24,3,33.72,3.6573597999999996,2.25,100
2016,1,4,2627,-15226,77,1062300,370,42703,12,750,7.49,11.24,2,22.48,3.221316,1.5,1
2016,1,4,2647,-13125,57,1062300,370,42703,12,750,7.49,11.24,3,33.72,3.6573597999999996,2.25,7
2016,1,4,5070,-12758,70,1062300,370,42703,12,750,7.49,11.24,2,22.48,3.221316,1.5,100
2016,1,4,4696,-15270,77,1012100,115,11773,48,200,1.56,2.34,8,18.72,3.0257456,1.6,517
2016,1,4,2670,-13295,52,1062300,370,42714,24,375,4.49,6.74,2,13.48,2.6768286,0.75,100
2016,1,4,3740,-14834,7,1062300,370,42717,12,1000,10.49,15.74,12,188.88,5.554183999999999,12.0,100
2016,1,4,2538,-14834,7,1062300,370,42714,24,375,4.49,6.74,2,13.48,2.6768286,0.75,3
2016,1,4,5100,-12734,82,1062300,370,42714,24,375,4.49,6.74,3,20.22,3.1080092999999995,1.12,100
2016,1,4,4223,-14829,7,1062300,370,42716,12,750,7.49,11.24,4,44.96,3.9690974000000003,3.0,100
2016,1,4,3899,-15270,77,1062300,370,42716,12,750,7.49,11.24,12,134.88,5.1778355000000005,9.0,100
2016,1,4,3563,-12775,70,1062300,370,42716,12,750,7.49,11.24,12,134.88,5.1778355000000005,9.0,100
2016,1,4,3562,-12881,29,1062300,370,42716,12,750,7.49,11.24,12,134.88,5.1778355000000005,9.0,100
2016,1,4,3868,-13234,57,1062300,370,42716,12,750,7.49,11.24,12,134.88,5.1778355000000005,9.0,100
2016,1,4,3886,-13331,53,1062300,370,42716,12,750,7.49,11.24,12,134.88,5.1778355000000005,9.0,100
2016,1,4,3859,-14892,10,1062300,370,42716,12,750,7.49,11.24,12,134.88,5.1778355000000005,9.0,100
2016,1,4,3811,-12904,56,1062300,370,42716,12,750,7.49,11.24,12,134.88,5.1778355000000005,9.0,100
2016,1,4,4019,-13479,28,1062300,370,42716,12,750,7.49,11.24,12,134.88,5.1778355000000005,9.0,100
2016,1,4,3628,-13134,57,1062300,370,42716,12,750,7.49,11.24,12,134.88,5.1778355000000005,9.0,100
2016,1,4,2527,-15221,77,1062300,370,42716,12,750,7.49,11.24,12,134.88,5.1778355000000005,9.0,5
2016,1,4,5075,-15329,62,1062300,370,42716,12,750,7.49,11.24,4,44.96,3.9690974000000003,3.0,100
2016,1,4,2506,-12935,29,1062300,370,42716,12,750,7.49,11.24,12,134.88,5.1778355000000005,9.0,1044
2016,1,4,4718,-15270,77,1062300,370,42716,12,750,7.49,11.24,12,134.88,5.1778355000000005,9.0,6623
2016,1,4,3525,-13183,92,1062300,370,42716,12,750,7.49,11.24,4,44.96,3.9690974000000003,3.0,100
2016,1,4,2558,-12895,44,1062300,370,42716,12,750,7.49,11.24,12,134.88,5.1778355000000005,9.0,100
2016,1,4,4159,-14033,78,1062300,370,42716,12,750,7.49,11.24,4,44.96,3.9690974000000003,3.0,73
2016,1,4,4619,-12909,56,1062300,370,42716,12,750,7.49,11.24,2,22.48,3.221316,1.5,100
2016,1,4,4125,-12883,58,1062300,370,42716,12,750,7.49,11.24,6,67.44,4.41182,4.5,100
2016,1,4,4742,-14035,78,1062300,370,42716,12,750,7.49,11.24,12,134.88,5.1778355000000005,9.0,786
2016,1,4,4746,-12775,70,1062300,370,42716,12,750,7.49,11.24,12,134.88,5.1778355000000005,9.0,5885
2016,1,4,4883,-12945,54,1062300,370,42716,12,750,7.49,11.24,3,33.72,3.6573597999999996,2.25,100
2016,1,4,3403,-12798,58,1062300,370,42716,12,750,7.49,11.24,2,22.48,3.221316,1.5,100
2016,1,4,4856,-13283,57,1062300,370,42716,12,750,7.49,11.24,6,67.44,4.41182,4.5,100
2016,1,4,2191,-12904,56,1062300,370,42716,12,750,7.49,11.24,1,11.24,2.4848156,0.75,100
2016,1,4,4753,-15534,1,1062300,370,42716,12,750,7.49,11.24,12,134.88,5.1778355000000005,9.0,2521
2016,1,4,4749,-12732,82,1062300,370,42716,12,750,7.49,11.24,12,134.88,5.1778355000000005,9.0,5239
2016,1,4,4633,-14026,78,1012100,115,11773,48,200,1.56,2.34,6,14.04,2.7199404,1.2,520
2016,1,4,2555,-12904,56,1062300,370,42714,24,375,4.49,6.74,6,40.44,3.8540550000000002,2.25,100
2016,1,4,5018,-12734,82,1062300,370,42714,24,375,4.49,6.74,8,53.92,4.1670375,3.0,100
2016,1,4,2650,-13999,83,1062300,370,42717,12,1000,10.49,15.74,12,188.88,5.554183999999999,12.0,100
2016,1,4,3952,-12814,82,1062300,370,42717,12,1000,10.49,15.74,36,566.64,6.801573299999999,36.0,100
2016,1,4,2613,-14035,78,1062300,370,42717,12,1000,10.49,15.74,12,188.88,5.554183999999999,12.0,1
2016,1,4,3899,-15270,77,1062310,259,43026,12,750,5.78,8.67,12,104.04,4.8895683,9.0,100
2016,1,4,3618,-13132,57,1062310,259,43026,12,750,5.78,8.67,12,104.04,4.8895683,9.0,100
2016,1,4,3886,-13331,53,1062310,259,43026,12,750,5.78,8.67,24,208.08,5.6629014,18.0,100
2016,1,4,3696,-15221,77,1062310,259,43026,12,750,5.78,8.67,12,104.04,4.8895683,9.0,100
2016,1,4,3663,-14834,7,1062310,259,43026,12,750,5.78,8.67,12,104.04,4.8895683,9.0,100
2016,1,4,3811,-12904,56,1062310,259,43026,12,750,5.78,8.67,12,104.04,4.8895683,9.0,100
2016,1,4,3859,-14892,10,1062310,259,43026,12,750,5.78,8.67,12,104.04,4.8895683,9.0,100
2016,1,4,3628,-13134,57,1062310,259,43026,12,750,5.78,8.67,12,104.04,4.8895683,9.0,100
2016,1,4,3651,-15411,91,1062310,259,43026,12,750,5.78,8.67,12,104.04,4.8895683,9.0,100
2016,1,4,4892,-12734,82,1062310,259,43026,12,750,5.78,8.67,1,8.67,2.211837,0.75,100
2016,1,4,2560,-13234,57,1062310,259,43026,12,750,5.78,8.67,12,104.04,4.8895683,9.0,100
2016,1,4,4016,-14915,38,1062310,259,43026,12,750,5.78,8.67,3,26.01,3.3777246,2.25,100
2016,1,4,5091,-12775,70,1062310,259,43026,12,750,5.78,8.67,9,78.03,4.572042,6.75,436
2016,1,4,4619,-12909,56,1062310,259,43026,12,750,5.78,8.67,3,26.01,3.3777246,2.25,100
2016,1,4,4898,-12935,29,1062310,259,43026,12,750,5.78,8.67,12,104.04,4.8895683,9.0,100
2016,1,4,3461,-15286,1,1062310,259,43026,12,750,5.78,8.67,5,43.35,3.9294727,3.75,100
2016,1,4,4421,-15095,35,1062310,259,43026,12,750,5.78,8.67,12,104.04,4.8895683,9.0,1
2016,1,4,4883,-12945,54,1062310,259,43026,12,750,5.78,8.67,1,8.67,2.211837,0.75,100
2016,1,4,4067,-13180,90,1062310,259,43026,12,750,5.78,8.67,12,104.04,4.8895683,9.0,100
2016,1,4,4605,-13234,57,1062310,259,43026,12,750,5.78,8.67,12,104.04,4.8895683,9.0,509
2016,1,4,4621,-15375,85,1062310,259,43026,12,750,5.78,8.67,12,104.04,4.8895683,9.0,23
2016,1,4,2648,-15271,77,1062310,259,43025,12,750,5.78,8.67,12,104.04,4.8895683,9.0,4
2016,1,4,2549,-15411,91,1062310,259,43025,12,750,5.78,8.67,12,104.04,4.8895683,9.0,100
2016,1,4,4152,-13981,43,1062310,259,43025,12,750,5.78,8.67,12,104.04,4.8895683,9.0,100
2016,1,4,2506,-12935,29,1062310,259,43025,12,750,5.78,8.67,12,104.04,4.8895683,9.0,1044
2016,1,4,2560,-13234,57,1062310,259,43025,12,750,5.78,8.67,12,104.04,4.8895683,9.0,100
2016,1,4,4633,-14026,78,1062310,259,43024,24,375,2.74,4.11,24,98.64,4.8305893,9.0,520
2016,1,4,5046,-12904,56,1062310,259,43024,24,375,2.74,4.11,24,98.64,4.8305893,9.0,100
2016,1,4,5094,-13135,57,1062310,259,43024,24,375,2.74,4.11,24,98.64,4.8305893,9.0,2778
2016,1,4,3644,-15527,77,1062310,259,43026,12,750,5.78,8.67,12,104.04,4.8895683,9.0,100
2016,1,4,4491,-13133,57,1062310,259,43024,24,375,2.74,4.11,12,49.32,4.0698123,4.5,2772
2016,1,4,3563,-12775,70,1062310,259,43026,12,750,5.78,8.67,12,104.04,4.8895683,9.0,100
2016,1,4,4984,-12775,70,1062310,259,43026,12,750,5.78,8.67,12,104.04,4.8895683,9.0,100
2016,1,4,4970,-12760,70,1062310,259,43027,12,1000,7.28,10.92,3,32.76,3.6261702000000007,3.0,100
2016,1,4,4753,-15534,1,1062310,259,43026,12,750,5.78,8.67,12,104.04,4.8895683,9.0,2521
2016,1,4,4562,-13230,16,1062310,259,43026,12,750,5.78,8.67,12,104.04,4.8895683,9.0,2989
2016,1,4,4627,-15285,50,1062310,259,43026,12,750,5.78,8.67,12,104.04,4.8895683,9.0,1388
2016,1,4,2605,-13134,57,1062310,259,43026,12,750,5.78,8.67,6,52.02,4.1279016,4.5,5
2016,1,4,4487,-13134,57,1062310,259,43026,12,750,5.78,8.67,6,52.02,4.1279016,4.5,2787
2016,1,4,2590,-13134,57,1062310,259,43026,12,750,5.78,8.67,12,104.04,4.8895683,9.0,5
2016,1,4,4180,-13234,57,1062310,259,43026,12,750,5.78,8.67,12,104.04,4.8895683,9.0,100
2016,1,4,5142,-13233,57,1062310,259,43026,12,750,5.78,8.67,12,104.04,4.8895683,9.0,100
2016,1,4,4773,-15271,77,1062310,259,43026,12,750,5.78,8.67,4,34.68,3.6876926,3.0,100
2016,1,4,2648,-15271,77,1062310,259,43026,12,750,5.78,8.67,12,104.04,4.8895683,9.0,4
2016,1,4,4967,-12810,82,1062310,259,43026,12,750,5.78,8.67,2,17.34,2.9441564,1.5,100
2016,1,4,4313,-15514,15,1062310,259,43026,12,750,5.78,8.67,12,104.04,4.8895683,9.0,940
2016,1,4,5070,-12758,70,1062310,259,43026,12,750,5.78,8.67,2,17.34,2.9441564,1.5,100
2016,1,4,4000,-13957,43,1062310,259,43026,12,750,5.78,8.67,5,43.35,3.9294727,3.75,100
2016,1,4,4641,-15221,77,1062310,259,43026,12,750,5.78,8.67,3,26.01,3.3777246,2.25,573
2016,1,4,4543,-13234,57,1062310,259,43026,12,750,5.78,8.67,12,104.04,4.8895683,9.0,2924
2016,1,4,4418,-13959,78,1062310,259,43026,12,750,5.78,8.67,12,104.04,4.8895683,9.0,46
2016,1,4,5071,-12789,16,1062310,259,43026,12,750,5.78,8.67,2,17.34,2.9441564,1.5,100
2016,1,4,4950,-13133,57,1062310,259,43026,12,750,5.78,8.67,12,104.04,4.8895683,9.0,514
2016,1,4,5100,-12734,82,1062310,259,43026,12,750,5.78,8.67,12,104.04,4.8895683,9.0,100
2016,1,4,3908,-12909,56,1062310,259,43026,12,750,5.78,8.67,12,104.04,4.8895683,9.0,214
2016,1,4,2618,-13134,57,1062310,259,43026,12,750,5.78,8.67,12,104.04,4.8895683,9.0,6
2016,1,4,4897,-12935,29,1062310,259,43026,12,750,5.78,8.67,12,104.04,4.8895683,9.0,102
2016,1,4,2628,-14909,42,1062310,259,43026,12,750,5.78,8.67,12,104.04,4.8895683,9.0,100
2016,1,4,3612,-13476,49,1062310,259,43026,12,750,5.78,8.67,2,17.34,2.9441564,1.5,100
2016,1,4,3829,-13222,57,1062310,259,43026,12,750,5.78,8.67,12,104.04,4.8895683,9.0,100
2016,1,4,4164,-12814,82,1062310,259,43026,12,750,5.78,8.67,12,104.04,4.8895683,9.0,100
2016,1,4,3162,-12775,70,1062310,259,43026,12,750,5.78,8.67,12,104.04,4.8895683,9.0,100
2016,1,4,3868,-13234,57,1062310,259,43026,12,750,5.78,8.67,12,104.04,4.8895683,9.0,100
2016,1,4,2506,-12935,29,1062310,259,43027,12,1000,7.28,10.92,12,131.04,5.145683,12.0,1044
2016,1,4,5213,-12897,56,1062310,259,43024,24,375,2.74,4.11,1,4.11,1.4355562,0.38,100
2016,1,4,4180,-13234,57,1062310,259,43024,24,375,2.74,4.11,24,98.64,4.8305893,9.0,100
2016,1,4,2549,-15411,91,1062300,370,42723,12,750,7.49,11.24,12,134.88,5.1778355000000005,9.0,100
2016,1,4,4303,-12899,29,1062300,370,42723,12,750,7.49,11.24,2,22.48,3.221316,1.5,100
2016,1,4,3400,-15219,77,1062300,370,42718,6,1750,16.49,24.74,6,148.44,5.2846203,10.5,100
2016,1,4,2588,-13133,57,1062300,370,42718,6,1750,16.49,24.74,6,148.44,5.2846203,10.5,6
2016,1,4,2590,-13134,57,1062300,370,42718,6,1750,16.49,24.74,6,148.44,5.2846203,10.5,5
2016,1,4,4312,-14035,78,1062300,370,42718,6,1750,16.49,24.74,6,148.44,5.2846203,10.5,100
2016,1,4,3679,-13377,22,1062300,370,42718,6,1750,16.49,24.74,6,148.44,5.2846203,10.5,100
2016,1,4,2633,-15216,77,1062300,370,42718,6,1750,16.49,24.74,6,148.44,5.2846203,10.5,100
2016,1,4,4152,-13981,43,1062300,370,42718,6,1750,16.49,24.74,3,74.22,4.5169935,5.25,100
2016,1,4,2538,-14834,7,1062300,370,42718,6,1750,16.49,24.74,6,148.44,5.2846203,10.5,3
2016,1,4,2460,-15095,100,1062300,370,42718,6,1750,16.49,24.74,2,49.48,4.0733404,3.5,100
2016,1,4,3679,-13377,22,1062300,370,42718,6,1750,16.49,24.74,2,49.48,4.0733404,3.5,100
2016,1,4,3628,-13134,57,1062300,370,42718,6,1750,16.49,24.74,6,148.44,5.2846203,10.5,100
2016,1,4,4019,-13479,28,1062300,370,42718,6,1750,16.49,24.74,6,148.44,5.2846203,10.5,100
2016,1,4,5077,-14035,78,1062300,370,42718,6,1750,16.49,24.74,6,148.44,5.2846203,10.5,100
2016,1,4,3663,-14834,7,1062300,370,42718,6,1750,16.49,24.74,6,148.44,5.2846203,10.5,100
